3.920845297008693775e-01,-1.888966877844752978e-01,5.530732764404795443e-01,-3.368652690871602046e-02,-9.503481831017347448e-01,-8.705726162617561936e-01,-9.842723752925035541e-01,9.709007319343094800e-01,-6.174466124590981542e-01,-1.912103161084860226e+00,3.968386658488052832e-01,1.514517562589581479e+00,7.730831891775268305e-01,-6.033235652217122658e-01,-1.586811715595089156e+00,-1.342681033575105209e-01,-1.592238780967101808e-01,-9.691996103137660024e-01,5.510373022425374412e-01,1.846626500830472750e+00,2.222827174582839849e-01,5.048596088951924798e+00,3.950891833119256624e+00,6.285534585013451192e+00,4.812975715143062772e+00,4.309156626758908537e+00,4.951808275604695275e+00,5.360081215199688387e+00,5.027335290597982009e+00,6.094273277623670992e+00,5.272091434499941442e+00,4.604178071070544220e+00,5.289312098279968843e+00,5.387756983079036388e+00,3.591743962689236902e+00,6.037539610216794195e+00,4.587215862591720317e+00,4.612796658447648745e+00,5.639495869029024888e+00,5.635285106212660544e+00,4.187288203086993121e+00,5.691021500098765173e+00,4.327671730463555022e+00,6.707692928651734832e+00,4.059925900687315625e+00,5.127597343658975682e+00,4.106102245045471832e+00,7.110815511088153684e+00,3.650298937865962934e+00,5.412482629205989326e+00,4.153209467475279304e+00,4.534012240505091995e+00,5.341657715698254982e+00,6.112704319579222556e+00,6.511516444252125169e+00,3.351171921926758834e+00,5.155871106317540864e+00,6.347613485336600192e+00,3.202808943191138624e+00,5.202503376007926228e+00,4.886036084532895174e+00,5.302661696332867436e+00,4.115815856626603875e+00,3.452501053739639225e+00,2.975013456774053822e+00,5.864503835415181499e+00,5.992169018436433348e+00,5.190805230949065319e+00,4.353971532264981903e+00,3.265073988487333878e+00,5.451465344458102713e+00,3.787340599116394202e+00,4.176821257192541381e+00,4.301555802390360839e+00,4.690584656256111096e+00,4.129079434744430621e+00,4.921578652945381549e+00,4.266301581446687585e+00,5.589492946792302241e+00,5.919182795941132724e+00,4.996662557981517594e+00,5.350746217334181765e+00,7.005975831578968638e+00,3.715516625091763281e+00,3.654651780672973693e+00,5.583117782729954293e+00,6.834662719467845093e+00,4.627621320014356776e+00,6.614953724171839688e+00,4.984553600746568947e+00,4.207232599913997007e+00,3.897427493315375635e+00,5.517533466839866563e+00,3.973160814170382693e+00,4.969396724720106739e+00,6.471584907337172510e+00,4.581339489081708294e+00,6.202129356596978838e+00,3.673576392226672205e+00,4.354210780636279310e+00,3.480975855738162927e+00,4.961116637926436646e+00,5.668198061669661669e+00,4.963306969559265092e+00,6.115169941923230823e+00,-7.491792406291301054e-01,2.253427536890672822e-01,-5.274693236138563446e-01,3.616765854236551059e-01,5.037360462124257365e-01,5.823959599840626833e-01,-1.070594338235602017e+00,-8.897461017865687660e-01,-7.042877081911889103e-01,-2.388807478665973261e-01,8.718640420643021527e-02,7.080891218566764955e-01,-8.480986993392316542e-01,-1.601019297701752331e+00,2.155743163206790047e+00,-1.131453020652430030e+00,8.363237229955513552e-01,3.126687724867451695e-02,2.513056408063804037e-01,-1.550505835902744357e-03,-3.848418819471255969e-01,4.639722829234590451e-01,-4.385872062572956365e-01
1.251456421814264530e+00,1.909418652293493723e+00,8.098893216611167123e-01,-2.167365144042404101e-01,8.593137911229724590e-01,4.667162340051820846e-01,5.063669775262544803e-01,1.772187850716854252e-01,-9.120541021539064763e-01,-1.028096407821930125e+00,-9.711820107514262945e-02,1.489100758463719476e-01,-6.794409229317129872e-01,4.233419486085753802e-01,2.080765904039189262e+00,-1.744330719278257558e+00,5.822444775637607428e-01,-6.597462089081020109e-02,4.506555553346547893e-01,-4.307147004602911999e-01,-1.460598850471669929e-01,5.017620332961178597e+00,4.527592987791877022e+00,3.249792543331299299e+00,4.477525819430804077e+00,3.236114211253122264e+00,5.246847939403685324e+00,2.669216717119312410e+00,5.504523187027384523e+00,4.846538797149033684e+00,4.791471402053507411e+00,2.134879907845832481e+00,3.911697326976175226e+00,5.334967183101650079e+00,3.603902764785555490e+00,2.985555583226195075e+00,3.368054627558255909e+00,3.877554089298689721e+00,3.035568250999275630e+00,5.061862922775439699e+00,3.704485150069813493e+00,3.154690321486336657e+00,2.350023131972744483e+00,4.076920253461321586e+00,3.995246932267805917e+00,2.682478720745809841e+00,1.179465587990416342e+00,3.767663795254505121e+00,3.111205203791677754e+00,3.575186752352408348e+00,5.137397107440436983e+00,3.094497719465798102e+00,2.548597935706145456e+00,1.856221574274636188e+00,2.632228739801986794e+00,3.046334870286736329e+00,2.880171930643914635e+00,4.491436839486317112e+00,3.208164054259215359e+00,2.515384606660122202e+00,1.884731888707918745e+00,2.799072220698771041e+00,1.566498287906850528e+00,2.594444515201475454e+00,2.843134351942471660e+00,2.080375191640240651e+00,1.607647959720605479e+00,-6.255454175099650627e-03,3.263985108954256642e+00,2.464555762153206597e+00,2.429979642866766376e+00,3.821170148787436105e-01,3.264415039770160121e+00,1.360466462786081632e+00,1.477995016078735180e+00,6.386104527334555137e-01,-1.379414338135083185e-01,2.747457598623966213e+00,2.817815645672083313e+00,1.306797114295190632e+00,7.340476852162268750e-01,9.774950752623782213e-01,9.460312437351461323e-01,3.689350096515653377e-02,8.856049970749739764e-01,1.272069194827198935e+00,2.078231438915684848e+00,1.015425344654704132e+00,-6.340635388843843812e-01,1.236943022587787322e+00,5.685715870934165972e-01,2.136018832121095556e+00,2.136173929555296169e+00,2.112277429152647379e+00,2.734217088612767022e-02,2.519892168971023860e+00,8.220865899032325785e-01,2.038631480050217881e+00,-1.492615500761154124e-01,-4.131684479922903552e-03,5.095993951758482909e-01,3.285566414917618916e-01,1.372597964721051111e+00,-1.732363079225136271e-01,1.164614990310356424e+00,7.322345071326533672e-01,-2.133922186071485205e-01,6.546766174823133166e-01,-4.732650468330487636e-01,2.350205800005721546e+00,-2.664332321074446952e+00,6.729432044950393044e-01,-1.764595909277047125e+00,-2.256567032180686327e-01,-8.560808947124605439e-02,1.507633558913684002e+00,-6.921522120768902608e-01,1.308011915661777991e+00,-1.178816640224796819e+00,1.346669723754865933e+00,-4.743454419034728309e-01,7.343451924111885076e-02,-3.363786631104040414e-01,1.282363474115603807e+00,1.087739843233747505e+00,4.435017205845248611e-01,-1.151868384586774097e+00,-7.150218680302427021e-01
-1.028576525506125439e+00,-2.248142886792163342e+00,1.261318101850046336e+00,-3.278235263426968471e-01,-3.384939642922973335e-01,1.496102233425559813e+00,-4.759886023863675875e-01,-8.404709356859308977e-01,-2.247456205149845898e-01,-1.132669051876896260e+00,3.443557692879563037e-01,-3.736620782641703609e-01,-5.072714105938124218e-01,-5.939031720203021836e-01,-1.062214938420113358e-01,8.348112551985090168e-02,-5.199750884075218238e-01,-3.587659360951467868e-01,-8.152282681934891473e-02,-1.824181355395388393e-01,3.107596687501387386e-02,4.211449078705065574e+00,5.833819780453628034e+00,4.867162038110715017e+00,4.207594097250379583e+00,4.996932056827851021e+00,4.519286230004661675e+00,2.800935463713766893e+00,4.816821497793120521e+00,3.397469594561366435e+00,5.292510569550920252e+00,4.057440136800225083e+00,5.020367062458795715e+00,3.551185201244183354e+00,4.192440010956489438e+00,5.273861233696785611e+00,3.735708176149145743e+00,3.355014613202222939e+00,4.541979315093875869e+00,4.463707287437106430e+00,3.220403546645387305e+00,1.724798649016502372e+00,3.041343681309967906e+00,4.269833169868805456e+00,2.758546448132718876e+00,3.463749789914305932e+00,2.758309678338217719e+00,1.424734443152571028e+00,2.622527418012752243e+00,3.912247605116451865e+00,8.099700937349862961e-01,3.373496913650433360e+00,1.876367321149503997e+00,3.611985611397168228e+00,3.658969467170689160e+00,2.713809585759818788e+00,2.657196351263932055e+00,1.961608802282912345e+00,1.363495088688306822e+00,4.348278384501065297e+00,1.726221040370263804e+00,4.100195588111922973e+00,1.614006406489332912e+00,2.939803826001297082e+00,1.217913265383993693e+00,2.820222431313703204e+00,1.912347046632625336e+00,1.866525232484135932e+00,2.730171552318316319e+00,1.592114006828826867e+00,5.742138658368864945e-01,2.704774914065495750e+00,7.386757500477747485e-01,2.342200613802071896e+00,2.739786864111222187e+00,1.332403421800063326e+00,2.831357141618124018e+00,2.071894994761683151e+00,8.353568561296830230e-01,2.873754267914592653e+00,2.717604332831866643e-01,9.778388144930709736e-01,1.089331430151366797e+00,1.841976924163010398e+00,2.293293509899948734e+00,2.171758758795586886e+00,1.283822510841239106e+00,7.209120761774252539e-01,-8.836960716125786819e-01,-4.307506950661057488e-01,2.591157638054605528e+00,-1.070462849365310110e+00,-7.777451573082105885e-02,1.792429398935437623e+00,7.986434054567740359e-01,1.458082166639158572e+00,1.013972436278202327e+00,1.881833611742471435e+00,6.487853503205291972e-01,9.579127822812147919e-01,-4.886744895545775957e-01,7.630120074559589849e-01,-2.783400767373472862e-01,-3.942128573547717396e-01,8.947235146471376188e-01,9.016233760593639346e-01,1.688442155746131323e+00,1.623263185486200966e+00,9.173151613587754438e-01,-1.720445610236712497e+00,1.827680982949696276e+00,9.179676706663622010e-01,-7.658600900863026251e-01,7.289091555627822405e-01,-1.037265740962728389e+00,6.186301201097418323e-01,-1.316270041074099284e+00,-8.082184087866364219e-01,7.099291292005267540e-01,1.072886742992893661e+00,3.254368594338103438e-01,-2.861686366879706567e-01,-2.114866295016990527e+00,-2.090210996513597597e-01,5.334850768245277264e-01,-3.167651059356471621e-01,-2.257794109441818575e-02,-1.856174679179207754e-01
1.769116700263286379e+00,-3.617630688368136949e-01,2.801213889694491033e-01,-6.654854146902153822e-01,8.731694306934658645e-01,-1.246177961901297065e-01,-1.172591608852742606e+00,-1.347182166515796010e-02,3.905228975650010814e-01,2.552733874135629244e-01,1.045896715495869378e+00,-1.448056372040689599e+00,-8.427425900149414506e-01,6.397873317955372618e-01,-7.252689779610713705e-01,2.404712493302068876e-01,-2.419745247411762445e+00,2.715946572312882168e+00,-2.697185315573361608e-01,1.193956259988278035e+00,-3.368978255834911284e-01,4.146985287308868062e-01,1.550812656971213066e+00,1.283592040460266981e+00,-2.777594780740244573e-02,1.003177171100704257e-01,1.298031613312988775e+00,2.686602468040945269e+00,6.045337487806261567e-01,2.428207725549166973e+00,2.886226852132602883e-01,1.540890469769208959e+00,1.748978879132634390e+00,2.967556236585150997e-01,1.853105883558769928e-02,1.969891337310522683e+00,3.518382221460539805e-01,4.793825733964873770e-02,3.172216788418951161e-01,5.244608528415212190e-01,1.975584306518550992e+00,1.692902885795001922e+00,1.952411467902645859e+00,1.717026044868778412e+00,7.606990821499975963e-01,2.110535110930849445e+00,2.654779092253821915e+00,2.115721492393767722e+00,2.039767193526249578e+00,8.819497909556633930e-01,1.919714387126758792e+00,9.465489893295199186e-01,1.801655471323557967e+00,2.443097008047869778e-01,3.109109476639502212e-01,1.811314671334954163e+00,1.512815700080935244e+00,2.226935576008039153e+00,2.044272814044687081e+00,2.268125190995902152e+00,2.905434856768428276e+00,1.892451469376795981e+00,2.195169624018705967e+00,3.928527669052673588e+00,2.535483583740477442e+00,2.412081992916002893e+00,2.732698177490521463e+00,2.547714115783742184e+00,2.058399206465988840e+00,1.828834672865433664e+00,2.122326180521090233e+00,3.817569718067822748e+00,2.373638287204563824e+00,2.907511950712640569e+00,3.822065848307754976e+00,2.901831402989820230e+00,3.872476899270391737e+00,1.757215552621812948e+00,3.224384926136724339e+00,3.494690712903070207e+00,3.497826350028669484e+00,1.880661939717559017e+00,4.795586294613188194e+00,2.796693713836907236e+00,4.045296794696731979e+00,3.777116962707536274e+00,4.831755214496823214e+00,6.074427530686293153e+00,2.655467227395191809e+00,3.355810841291469337e+00,4.252710227028961398e+00,3.017157426263058273e+00,4.963586362397550467e+00,5.083669387224790448e+00,4.858638851688708904e+00,4.594664537195809473e+00,5.786684574915334167e+00,3.320243325902632492e+00,4.600030013539988083e+00,3.854851960093154339e+00,5.542464172014485158e+00,2.878099685568824118e+00,4.742249995108218208e+00,5.164465558397086653e+00,3.940627746979304735e+00,-6.261900322215665504e-01,1.537898137210567430e-02,9.550963794414761843e-01,-1.032869228587053767e+00,-8.584499403746859159e-01,1.125587771040343910e+00,-2.729753999198351044e-01,-7.775390398449775198e-01,7.286847972169158139e-01,-4.881969972322468543e-01,1.027421535338773895e+00,-6.637203769797122010e-01,-1.595945618249959286e-01,9.449716653887316742e-01,-2.262608711737515155e-01,7.560533220786463948e-01,-6.554760678100492177e-02,1.981691806400029066e+00,1.568778604102848862e+00,-1.328096262433748009e+00,5.222436812480097945e-01,-8.164039861010418120e-01,1.915069387927306743e-01
-1.844905240296093707e+00,-1.017192170545390573e+00,5.166693086481228825e-01,-7.991105708252651540e-01,-1.645356580496961929e-01,6.991175571747527007e-04,1.582559809533674866e-01,-6.775662127337070961e-01,1.492865634724776236e-01,-7.825437052344801359e-01,6.742804687467752744e-01,-1.148440194830234184e-01,1.550366235955187022e-01,2.569926839690333864e+00,-1.107104454600021493e+00,1.388582269040288031e+00,-2.659351357049372755e+00,-2.078376654918943078e+00,-1.240640077687570786e+00,-1.177528365274936428e+00,2.037017981388495602e-01,5.177962146121546816e+00,4.633298613580714154e+00,4.738241915190616993e+00,5.415884642884740252e+00,5.721343759573820797e+00,3.561580865843319899e+00,4.526228910720075049e+00,4.818530059040068814e+00,5.373435878513532771e+00,4.115452739679608563e+00,4.798898706359408628e+00,4.918103516480236692e+00,4.183649778493549576e+00,4.159804732005193628e+00,4.986865659590414168e+00,4.757774735965870860e+00,5.388597401373711016e+00,3.834861161308082966e+00,4.537438354074291524e+00,4.658903830399487411e+00,5.701983790076684322e+00,3.947706107385176910e+00,5.122771887108165778e+00,5.140875389490966008e+00,6.534517124633052454e+00,3.881030517646817835e+00,4.230886563835585257e+00,3.950764199729758008e+00,3.218340709884679018e+00,6.652806816215798058e+00,3.646618651003956657e+00,4.071814472898233284e+00,6.203886390235238579e+00,3.135012835014864052e+00,5.644471451240460347e+00,3.475095536611301661e+00,6.134814618482666404e+00,2.718242194912220633e+00,3.134650465702416344e+00,4.343197646994170213e+00,5.859942572125814486e+00,4.857161631316505357e+00,4.552404809066508129e+00,6.234164089417796539e+00,7.043359420386152259e+00,5.560377166366851753e+00,4.265265378851795575e+00,4.469976847943807563e+00,3.599672502195754298e+00,4.988937304207131440e+00,3.258526895976752158e+00,5.439983537262579993e+00,6.893693927593032456e+00,5.605711461746128776e+00,4.418972161758144779e+00,5.415057294584869396e+00,6.508653327118956611e+00,6.458614517214217976e+00,3.884361990389708197e+00,5.398416271535402267e+00,4.730018391882880202e+00,5.694713129866765478e+00,5.271733835769849996e+00,2.518398472468631688e+00,4.540106795656240202e+00,5.086678244849371033e+00,3.453754914794233244e+00,5.469141891819064405e+00,3.364104640226048826e+00,4.089680834536025600e+00,6.229431801653213974e+00,4.004342093088810728e+00,5.462086841154754957e+00,3.134546164044392125e+00,6.969434538718220828e+00,4.583566243465821977e+00,4.983440688900798499e+00,5.067156678502044542e+00,5.495686746284437874e+00,3.368939898966901936e+00,4.882783411116415451e+00,4.229351056171722689e+00,3.198562655874809035e+00,5.875242082081789441e+00,-3.521729835995905944e-01,2.425204256125194358e-01,1.798454187280590921e-01,-3.348522723761133135e-01,1.975027353630781191e+00,-4.726465262900927250e-02,-1.557952317676667864e+00,-4.003813601833179359e-01,4.997376201121102590e-01,5.325951093705509898e-01,-1.087780935261761783e+00,9.294825073447696706e-01,-1.762866928871040129e+00,1.144135202616418212e+00,-1.319347889137405527e+00,-2.262452190086761405e-01,1.064568678026699855e+00,1.196056688870694718e-01,8.166985177135699381e-01,6.186619597099322077e-01,1.286268613404601080e+00,1.062209850913711673e+00,-4.537443085364418205e-01
4.085123483774261710e-01,-1.863723943630916924e-01,-4.046658233070462019e-01,-3.629572789687073864e-01,1.746392693678280039e-01,-1.809958900980705998e+00,9.650149610632297037e-01,-4.801318676958507559e-01,1.278026973667826804e-01,3.671022667880672330e-01,-5.258053873129567846e-01,-1.310384069989959099e-01,-2.035240240625503905e+00,7.321236073330720240e-01,1.080069000322164685e+00,-1.700993551938753567e+00,-4.064928766962618845e-01,-1.229869378240814548e+00,-1.777403214874059556e-01,6.486363347209610497e-01,9.873088992566251276e-01,6.009973071379927312e+00,6.198663706645292315e+00,4.665707103497513053e+00,3.741161253219639882e+00,4.773529581645110653e+00,5.521387384256654762e+00,3.660860101032221703e+00,6.548256835401320863e+00,5.786008420713421252e+00,4.681552713521750064e+00,4.177247951541837701e+00,4.218998800840435770e+00,4.962326095753234689e+00,4.658717279222726937e+00,5.838622637235704183e+00,4.545144053650449933e+00,5.393621692564570580e+00,4.859194997778208958e+00,5.157789239350149657e+00,4.658063446356696780e+00,5.595835423202699666e+00,5.610659962243156329e+00,5.348048907775223348e+00,5.495634209102583156e+00,3.943751104410026631e+00,5.211365644862058666e+00,6.137321649440612426e+00,5.379524448972576423e+00,3.857402379151555927e+00,4.838353372303994426e+00,5.263097820292787610e+00,4.130720365054769694e+00,3.529848685229726613e+00,4.572022013516551908e+00,4.147287473985376671e+00,4.873830850563110495e+00,3.296715234456790711e+00,5.452820944489235266e+00,4.253514846659722792e+00,5.883872118634434933e+00,4.611221042156700811e+00,4.862730835568592092e+00,4.715085003256160867e+00,4.199960191852806446e+00,7.360399344225738716e+00,4.392253703945794285e+00,5.911641404418739754e+00,3.794490935889684113e+00,5.260251273046240073e+00,5.366992045884915186e+00,4.863942904854949845e+00,4.317115162313506005e+00,4.624797979339115628e+00,4.484830379979959147e+00,7.290146163788534750e+00,4.865516792508259414e+00,5.413008660617029122e+00,6.669744972378445880e+00,4.011801213978897884e+00,4.925780115121017211e+00,4.618933750271690286e+00,4.801981436469715092e+00,4.709107914835593434e+00,4.156242796322861643e+00,5.083530166949712381e+00,3.825487104536977601e+00,5.877002619262097660e+00,5.511429688607682564e+00,4.394657065589063549e+00,4.443136560579219463e+00,5.163630444301332112e+00,4.089574566346896312e+00,6.700100006087950533e+00,5.246045610644848090e+00,5.281383033336756405e+00,5.569564962310364464e+00,4.308656607883008860e+00,5.977129863737852489e+00,5.002653248168543065e+00,5.838265352951911069e+00,4.690166755384749031e+00,6.205398108684264891e+00,5.289463508977869211e+00,7.070626906130166311e+00,-3.695216168222300035e-01,2.045493960907454889e-01,-1.031576246870157920e+00,-5.292982375462198519e-01,6.186865478479056657e-01,1.129324437539500625e+00,2.965010351720722248e+00,-9.662890662322087820e-02,-9.332134076455976812e-01,7.533257603772413047e-01,-1.127827220501306016e+00,5.642773880267363262e-01,-5.022557161941237913e-01,2.115949703803932658e-01,1.091046102164667353e+00,-1.107334290806958749e-01,9.328790843286214329e-01,8.731585486191488776e-01,-1.864331528309094654e+00,-9.016007460355723868e-01,-1.561806861395471646e+00,2.001737102530135370e+00,-1.053919254373262976e-01
3.189021846893833612e-01,2.790412922001376805e-01,1.010515284806526415e+00,-5.808781340235149582e-01,-5.251698071781477628e-01,-5.713801657541415224e-01,-9.240828377471048682e-01,-2.612549012693601291e+00,9.503696823969031149e-01,8.164450809513272844e-01,-1.523875997615860900e+00,-4.280460641762344753e-01,-7.424068371191724358e-01,-7.033438017074072901e-01,-2.139620656076239413e+00,-6.294749609242508148e-01,5.977204669126082726e-01,2.559488031037792766e+00,3.942330218796010755e-01,1.222191652226795600e-01,-5.154356620924532839e-01,4.287866031847167747e+00,5.835559702999717935e+00,5.179153883215261267e+00,4.252560141678439543e+00,3.866567687277481014e+00,4.726364495555557710e+00,4.354471078110591975e+00,4.882592019632952862e+00,4.658669428121122280e+00,5.277468795209202312e+00,3.623000768030436802e+00,5.980112146310750276e+00,7.666432923505519526e+00,6.081759606235396021e+00,5.106758198006941640e+00,5.769880920901689692e+00,3.879034539087971467e+00,3.304825668416191853e+00,5.661820298786761185e+00,4.349978220290119602e+00,3.541441784591732755e+00,4.007528615905972202e+00,3.757567577271512249e+00,5.022548764581101111e+00,5.470242676666118520e+00,5.775868341546436469e+00,5.782452212061840235e+00,5.643117679197814596e+00,4.680953991848505247e+00,4.264642486968119428e+00,3.379966592405596160e+00,5.987766857737899073e+00,4.710387760682423597e+00,4.477736573266778208e+00,6.067836226653779974e+00,3.989911942497400776e+00,5.722915301183506998e+00,5.184681266282050061e+00,3.850290005437597252e+00,4.812316136924893684e+00,5.861083415708866262e+00,5.683715345849020828e+00,6.383554134836552763e+00,5.226301133946399169e+00,8.260416135579752961e+00,3.967729076885703421e+00,4.489481491937877600e+00,4.827255794478332973e+00,3.469369423361676308e+00,5.930611499292499644e+00,5.791652372578921515e+00,4.907120213015228494e+00,4.353703428279573906e+00,3.393066011138743399e+00,4.098861553255159329e+00,5.631831165724305421e+00,4.675958460241452563e+00,4.461251087913356450e+00,5.389568213477883951e+00,6.046306534885106387e+00,5.145236752009358483e+00,5.202632777816250886e+00,6.259982015502855823e+00,5.063673175907911883e+00,4.578831335508501077e+00,5.561245384727054208e+00,4.631489699260524340e+00,4.520294157820317515e+00,6.161853502092634827e+00,4.596167211127458962e+00,2.232943834389609084e+00,5.233637825841845448e+00,4.492603430372786200e+00,4.598983025483136977e+00,5.341056208486588908e+00,4.722058973602013765e+00,5.103058712047833900e+00,2.865804948757344039e+00,3.945063073485816751e+00,6.292078620612372220e+00,4.869569077441439298e+00,3.214615259962855909e+00,3.815588047517421533e+00,3.895533702549888844e+00,1.023476825496668074e-01,-4.326092805480132308e-01,-6.591823024364779071e-01,3.937304431402773724e-03,4.777540994335270907e-01,-2.590286447388905344e-01,-5.747092076133994976e-01,-4.214982203398835447e-01,3.398209641866437591e-01,-7.380149944573006528e-03,7.672968387064039719e-01,-1.149792577494358481e+00,-7.753361059569441327e-01,7.731408558892488569e-01,-8.018278433496938140e-01,1.384015718932678274e+00,1.405205305878187927e+00,1.392325753491902907e+00,-8.806408185297692759e-01,7.689494858457142368e-02,-4.934324822033266389e-01,9.231626083419528506e-01,1.706604953678461989e+00
8.735894156353791740e-01,9.144345740137364495e-03,-3.655392968325427150e-01,6.490867326291062112e-01,-1.222873536675306738e+00,5.363360323820652864e-01,-9.146909312612774290e-01,6.205482159617351501e-01,-1.609373768630633639e-01,-3.882643989766141335e-01,-8.855123738288486201e-01,-3.567450257681941683e-01,5.561217985339652614e-01,1.043860610918657894e+00,5.264481613346957412e-01,1.363886524417105228e+00,2.539162716269332432e+00,-3.244909578288932561e-01,-2.058667170955049697e-01,-1.440041447683797937e+00,1.190727256113640165e+00,6.187516696217566725e+00,4.020973725903525420e+00,5.505760727464224402e+00,6.105190678933189119e+00,5.114408151451954154e+00,5.735521314529718140e+00,5.062952893944550503e+00,3.671264989593840067e+00,5.937467274273944717e+00,6.213225543467279621e+00,5.622620946833125188e+00,3.933622619991658631e+00,4.136940457289150608e+00,3.757691828832548708e+00,5.658097241883872641e+00,6.156509404356981463e+00,5.312606126009529639e+00,5.828655466915089178e+00,4.020478791973704169e+00,5.033981734381388407e+00,3.518248825236782729e+00,4.116339132459820860e+00,5.766793430143974497e+00,4.648525373759269108e+00,6.097501852639712894e+00,5.426079885645075152e+00,7.622542041014821024e+00,4.981885312105025498e+00,3.481714614771530325e+00,4.853590225858270379e+00,3.925104255886952664e+00,5.865299882766151995e+00,4.930099946423101898e+00,4.750848064855262898e+00,4.763987493071419443e+00,5.628460699900817765e+00,4.435657649608409692e+00,5.665169676856686820e+00,5.933691050299396252e+00,4.545978169347697495e+00,3.962073262741601098e+00,4.375154564317456973e+00,5.598229122317032846e+00,4.980598753504176024e+00,5.518194820554086277e+00,6.651057354256307619e+00,5.119073604898211727e+00,4.079182990562717492e+00,5.945543390815455354e+00,4.939480741432714872e+00,5.760567039613532003e+00,5.954318426050817514e+00,3.929111785526300249e+00,6.270124486125022045e+00,5.793241841909638090e+00,4.284215509468550565e+00,5.192569001823931885e+00,5.145327372933185650e+00,4.912051696418916258e+00,5.760033870765472130e+00,6.325476210286606005e+00,4.895426254693711066e+00,6.219001209925164808e+00,5.876322492457190627e+00,5.120416040129484259e+00,5.064300804005400281e+00,3.735554510293064290e+00,3.387351488745904859e+00,5.053142680062417291e+00,4.032190964123710586e+00,4.848483739913460155e+00,4.353457140103015099e+00,3.099623376972582278e+00,5.245424423889713417e+00,4.473588076563187244e+00,4.968318594493894125e+00,3.994999608323856144e+00,4.553302634558345829e+00,6.448500023085958155e+00,5.016670882024159894e+00,5.437696227015746508e+00,3.617248075077039271e+00,7.277155839345541111e+00,6.731533640273612562e+00,1.363435490951704354e+00,8.287659776048749150e-01,1.514327825986428594e-02,4.420740168667314229e-01,1.048019743994952124e+00,-6.285697474757064862e-01,-4.444987442191826732e-01,-1.669132359090531814e+00,-7.718190777567551786e-01,1.661301730608154115e+00,-3.342470911503676589e-01,-3.178469065105833935e-01,3.177670324371185684e-01,-1.612227307174523450e+00,9.453816900875672280e-01,1.266406855372874896e+00,3.772962654604091748e-01,1.651350986479489968e+00,-1.326831766135897039e+00,1.843715797751846130e+00,-7.307414032296535300e-01,-1.279919733263130022e+00,-2.373919612066689999e-01
-9.960497860017740734e-01,-5.323122659297900849e-01,1.195139179833435872e+00,1.161730840765496930e-01,-8.448984534104736488e-01,4.015606083877186205e-01,4.683155849391382741e-01,5.199990757978104616e-01,-9.778372003712856309e-01,-6.823909942858950028e-01,-6.768292163870116562e-01,-3.606479120661917892e-01,5.389191851437344916e-01,2.961848047310136067e-01,3.752169571571625228e-01,1.354019142371523099e+00,6.888909324916298038e-01,-1.418016249960873942e-01,-1.183885176052499544e+00,-7.145470084708702707e-01,-2.617050676782269325e-01,5.717249709289192516e+00,4.801894937221044657e+00,4.114137905812754958e+00,3.978547964348031041e+00,4.582969630528090477e+00,5.483642391040476127e+00,6.125781123972552145e+00,4.270100209541826786e+00,4.372232616182955667e+00,3.144141080162229596e+00,6.238382344793138579e+00,2.839293926911647503e+00,5.353066066222340602e+00,3.757174790803379238e+00,3.464251239349590339e+00,2.894721150678041255e+00,6.355880361345160878e+00,4.108430324590480964e+00,3.849326127790209551e+00,4.655885039614748422e+00,3.059426943804301580e+00,3.653212614039329509e+00,3.648809934994504900e+00,3.021434905208309818e+00,4.674325706116415624e+00,3.197140204808657238e+00,1.803769552309791191e+00,2.996511231531806096e+00,3.488294256140636929e+00,2.286729339913190273e+00,2.306734770004418955e+00,2.516177514422876627e+00,4.224779201989936617e+00,2.457492508651329732e+00,4.314874539222126160e+00,2.211914071896818434e+00,3.092985635675755685e+00,2.262835814573521453e+00,3.404268648457803970e+00,1.473018312976112298e+00,3.275258936492682071e+00,2.587375846599193618e+00,1.774621618886119911e+00,2.189498940327478049e+00,3.830682355443863152e+00,2.375778908666530409e+00,1.476313377247167491e+00,9.154550997057531170e-01,2.566659645338922324e+00,2.198207608292669590e+00,2.638490045744267043e+00,4.223516003402607577e-01,6.534228765126619543e-01,2.913669518030120642e+00,2.039238954931621439e+00,2.182405148763901792e+00,6.274242547924460123e-01,5.502310779455400480e-01,2.463583923840606538e+00,2.451809909787725950e+00,2.662197573675826323e-01,1.627573791785064117e-02,1.128160252432310662e+00,3.785117591428079908e-01,2.987903228468480332e-01,-1.913040551604596740e-01,5.327473323606253253e-01,-2.124065726178144820e-01,-2.120057436201259193e-01,1.122893995329474537e+00,7.104109038498528372e-01,1.191594809043420300e+00,-1.001210318463958471e+00,5.988107160891702474e-01,2.605674637799304527e+00,9.887160072192663351e-02,1.237000080953882808e+00,1.169364912530067580e+00,1.159663661130979184e+00,4.022337295610857177e-01,7.427650146220363681e-01,8.167996412648869109e-01,6.943390389402984697e-01,-1.117418173513396118e+00,-1.707384482543986781e+00,-1.553583543414807089e+00,-2.701599923826636940e-01,5.939267344226444312e-01,-1.104411277511584633e+00,9.239704585844039642e-01,-5.022751745078861685e-01,-4.927552111940788904e-01,-8.361069958796003565e-01,-1.884786359016273671e+00,2.293141284346469910e-01,1.712667712838569001e+00,-6.266452353256336816e-02,-1.850631641694852503e+00,7.803428116164461414e-01,-1.624797990102989198e+00,-1.209034396989185467e+00,-2.383381723135708785e-01,1.228434385401979689e-01,-1.008664001166828417e+00,-2.773160565659805177e-01,7.151624007606846023e-01,8.521788848080183998e-01
1.872005680472304201e+00,-1.944214089954819299e-02,-9.325916565610811171e-01,-1.294942474479859884e+00,-1.051185047464137240e-01,-1.994961571557649194e+00,-1.300192841593439841e+00,1.543067651859083789e+00,1.323263807151236593e+00,-1.284121465397081996e-01,-4.656647712545464168e-01,5.850890230684416271e-02,2.347996928450322596e+00,4.049755087705251277e-01,9.097381749598169032e-01,-2.024575258315511606e-01,6.089660711716038399e-02,6.471626967870438563e-01,1.260948278240290321e-01,-1.897376982488657715e+00,1.280540761677463779e+00,4.272986204181748349e+00,6.999437523569330466e+00,5.574968394719050480e+00,4.959092297592825105e+00,5.327447022056513326e+00,4.779621993389565837e+00,4.401687115900718261e+00,5.095718143238799236e+00,5.773110349139744635e+00,4.423590133308111128e+00,4.265882717046800110e+00,4.532631241036719771e+00,5.840130975799773694e+00,6.340670129415450162e+00,5.250133793895550127e+00,5.469434015988802855e+00,4.258419024687966292e+00,5.764874531905404886e+00,5.439856892418153400e+00,4.177991924025595161e+00,3.100448270021296970e+00,3.667549777671224476e+00,4.218917153771865713e+00,6.050057199699853783e+00,6.440979657792405000e+00,4.448602006478801663e+00,4.480204529181783357e+00,5.149742937925545050e+00,4.900266391026304014e+00,5.819053965927158067e+00,4.364931788365969290e+00,5.837262869734077597e+00,4.648895084083323859e+00,5.742094593020935278e+00,4.617079419664536388e+00,4.275025199044701019e+00,6.800437521793050166e+00,5.953346964499997007e+00,3.096074781817864441e+00,4.441346370163171464e+00,6.093042803731653301e+00,3.691459412739557244e+00,5.658798211476190332e+00,5.555175985422870610e+00,4.188973303861161845e+00,4.879302835707271413e+00,2.798102133322799556e+00,6.658551398519797715e+00,4.579027372756157455e+00,5.691932933329337807e+00,5.501961223428503800e+00,6.246000670053067694e+00,4.454816475050519031e+00,5.091942609480546444e+00,5.447229084567606350e+00,5.760661473383558828e+00,6.042474220362002768e+00,4.410738151377758598e+00,4.223892438648656267e+00,6.248231248201250310e+00,2.851043946980940103e+00,6.458152162495751192e+00,4.585795639876771190e+00,4.883557052962783196e+00,4.205777280832925236e+00,4.839924396417266017e+00,6.159258107933993642e+00,5.658982983417118362e+00,5.380806365753484144e+00,4.976992888084822653e+00,3.442509909480996555e+00,4.043982968435339664e+00,4.544918645321911477e+00,5.345796336381917868e+00,4.957772546471957753e+00,5.871624188311543868e+00,5.361747269680643413e+00,4.942470459891650236e+00,7.163881179520283027e+00,5.294346567003007209e+00,4.456177680344707071e+00,6.748086888440009368e+00,6.088531430366477259e+00,6.704207672196893952e+00,-1.109319356295101616e-01,9.763091264811026848e-01,-1.452849459072360849e+00,7.840064109141683391e-01,-1.577239582541034024e-01,-1.355057955517932289e+00,1.032600404017976592e+00,-1.810131324996016033e+00,-1.912706517064219014e+00,3.624764588053020486e-01,5.713475103267879884e-01,9.705238200132106918e-01,7.419630165294651691e-01,1.476658625429629002e+00,7.002429533624190405e-01,-1.322994439424626245e-01,-7.361111579190632304e-02,-2.822211889872109358e-01,2.954775244231833686e-01,-1.097345868566658389e+00,3.409221985589535597e-01,-8.641350683161348745e-02,2.756351578874076669e-01
6.329416337934651304e-01,-1.526551861697746482e+00,-5.790490733778489579e-02,8.184847346385396571e-01,1.338476542459998697e-01,4.466397315170858029e-01,-2.132723759657914331e-01,1.129069437535142661e+00,-8.041577370899263832e-02,-4.654501824040534474e-01,8.865174125690542528e-01,-1.405159922364459968e+00,5.010333435173449645e-01,-1.042484874227138647e+00,1.277926829238165141e+00,-2.610272532467954321e-01,1.349847208196885695e-01,4.125703966441224835e-01,-1.929684596314157341e+00,-6.505848415568568077e-01,1.043545909286553552e+00,5.755884906123967859e+00,5.171152087348295012e+00,3.538656310527555693e+00,5.473623342811658077e+00,5.601519472158525303e+00,4.935137095076823854e+00,6.111290832544536755e+00,4.204688091822956331e+00,4.378262304453103937e+00,2.403508302867264579e+00,5.807947392100742512e+00,5.201981845423213180e+00,3.206299556819850238e+00,3.129520881958931966e+00,4.015489254582067957e+00,5.681777823933432892e+00,4.587759393864450530e+00,4.083332965292754579e+00,3.882003988869583200e+00,3.837207924124892422e+00,2.954441580845518889e+00,3.680724050306704687e+00,3.817541802275911778e+00,5.570743118410224959e+00,4.722396828806464164e+00,4.062535038935617848e+00,7.197842637359265439e+00,4.224222968406413870e+00,6.055222796336715341e+00,6.509228439740794236e+00,3.318159544295736119e+00,4.962082846026647509e+00,4.370586231044854664e+00,4.289195485393743290e+00,5.443496698759987318e+00,4.265249385529795489e+00,4.392150835626608796e+00,4.720004986327785090e+00,4.514720613576510111e+00,3.714549674940953672e+00,5.684026386800553610e+00,5.936650820460679157e+00,5.231738471488296405e+00,4.511567230930813466e+00,4.182909145623297853e+00,4.184499819026632927e+00,7.245496246985787536e+00,5.825958183519722944e+00,4.048009803369740922e+00,5.052817709390219569e+00,4.525584856853717142e+00,5.471920258109369328e+00,5.431618984742421219e+00,5.971729535858550264e+00,4.037563423290883691e+00,4.992855180591210029e+00,3.139572896995552753e+00,3.630779581524234523e+00,5.772220718512258486e+00,3.937436090547752343e+00,4.047211083905223994e+00,4.879841807403029641e+00,5.582880912799618400e+00,3.827293086118983112e+00,1.407311053192995320e+00,4.017896639809567461e+00,6.093747959905916112e+00,5.231254932969952698e+00,6.211994685740291899e+00,3.756303739820383569e+00,3.248723614289022787e+00,5.350668434600619250e+00,5.128142619638125232e+00,5.193674202330337941e+00,5.821116524603647591e+00,5.309804805865338651e+00,5.293737475093458045e+00,5.603126895754219738e+00,5.390536514140106483e+00,5.745565813670484800e+00,5.896640706731661297e+00,6.419808683193994447e+00,4.238928557049399970e+00,5.368681989363826901e+00,-3.703233685972965872e-01,-8.335589872792668054e-01,-6.895403210803661143e-01,4.949555175615254488e-01,4.182525547860003745e-01,4.004120292384368840e-01,-2.257136475693331257e-01,3.414751178410458006e-03,8.177526958760498177e-01,-1.489393059649306128e+00,2.464209842858422830e-02,8.995614812678974503e-02,7.533042690776492467e-01,-1.350248411942825078e+00,1.495133745517411628e+00,2.136304244285101017e-01,2.665805466949363600e-01,-4.013797573322264722e-01,5.380223547968437936e-01,4.795405028310564810e-02,1.208981944106465756e+00,-1.441494248063615258e+00,1.755458298905080150e-01
-1.041847545440528711e+00,-1.233497583944903386e+00,-1.489637421436109221e+00,1.455580818489353723e+00,8.074618356124448892e-01,-1.064878831805471660e-01,-4.537924851640837698e-01,-5.739300079673577137e-01,1.093237107582209822e+00,1.904433508174740775e+00,-6.053929239275390728e-01,1.138415520655709390e+00,2.801291535888925793e-02,-2.124289299104665241e-01,1.504214282829923199e+00,-1.016572074277691078e-02,2.963644392546357920e-01,2.482739329114458104e-01,-1.625599366659451706e+00,2.884111487160616050e-01,-5.626920244402328075e-01,3.466966741807457897e+00,4.312089790878375517e+00,4.244944991064252271e+00,5.741323389205588157e+00,3.588758223347285004e+00,3.803807389774121361e+00,4.770150078745447608e+00,3.150075036217246716e+00,3.757969038713220300e+00,2.693606050986390166e+00,5.219201235699068242e+00,3.938933644627546027e+00,4.165485909439547996e+00,5.038521063606940409e+00,3.341348849536022847e+00,3.692737713915963838e+00,2.889503712632286003e+00,2.828434980316274494e+00,2.907462796680267303e+00,3.276662289226540459e+00,3.325464135261199328e+00,3.939998809706703575e+00,2.701256700140484135e+00,3.853213313473919488e+00,3.959688918453729389e+00,2.947972433472295428e+00,2.552177033260239369e+00,3.383087627032669964e+00,3.036198121416294526e+00,3.400574403074343888e+00,4.691195999434825126e+00,3.131073600976632676e+00,2.364312980642844231e+00,2.053760919354977510e+00,2.033555889349511148e+00,1.364098202934033388e+00,3.700715107764792400e+00,4.757996694375083990e-01,3.138290295886637438e+00,1.723228560866160830e+00,2.019994242291332842e+00,1.575518804745120960e+00,3.860478095305599489e+00,2.372036026723405300e+00,3.087205939454540360e+00,3.538461262381753514e+00,2.342446867182210291e+00,9.245246116786534074e-01,1.840612621792152792e+00,1.260114347715781680e+00,1.439965188768744575e+00,1.789952547380813996e+00,1.691527687311897621e+00,2.178899479798507954e+00,2.265201601932767428e+00,1.514859121259882313e+00,1.993580205008316675e+00,9.818584213390170179e-01,2.787105091245021704e+00,8.479209668049307869e-01,2.551725729019064470e+00,-1.804208580010260299e-01,8.563459657339087538e-01,8.468820389052086339e-01,1.397958996641347484e+00,1.921890994485756510e+00,-2.482140224185358512e-01,-1.656948720278560439e-01,-5.185129083271271533e-01,2.144686345961587470e+00,1.063214080934351546e+00,-3.776550809458343316e-01,2.047282429292772155e-01,1.770691501920901523e+00,2.519178653222283737e-01,1.339559472163528442e-01,-3.690456324414735367e-01,-6.716342500631186097e-01,1.477788863572860212e+00,1.909473631245823144e+00,-8.085153709095256325e-01,1.522728350470001324e+00,-4.284964056641645813e-01,5.336479953688870737e-01,1.410213804814407945e+00,-1.450765957036321552e-01,-3.279419202673590772e-01,8.010809637881857181e-01,-1.109952837036249029e+00,1.147061377840430385e+00,1.428093924425832273e-01,-5.777505081541768339e-01,-6.041676033158545067e-01,-1.383462511828365882e+00,-5.361721666239896988e-01,-2.640377619944011545e-01,-1.061293531711481775e+00,-4.546497612900444324e-02,4.729170845254956346e-01,-2.134721359994188328e-01,6.627258265192667031e-01,-8.071399829793362013e-01,1.003382764219940215e+00,1.218147057748580619e-01,1.545257169754743254e+00,2.414217312238732926e+00,-4.702435923032812770e-01
-1.603710005824482421e-01,1.379651007985061798e-03,-1.276772952131086658e+00,1.112946530207202800e+00,1.077651309529143564e+00,-1.311682750466783842e+00,8.676320839061358869e-01,4.041016550090084647e-01,-1.021974110390796220e+00,-1.206000201072469524e+00,3.734932694017223942e-01,-3.977041139069178999e-01,1.819948850549670372e+00,9.525983946489062770e-01,4.736931367322274600e-01,5.230790040023943765e-01,1.330867180367167446e+00,8.465180917273377181e-01,4.997664384960224804e-01,-9.802611762975099730e-01,3.061946965406218801e+00,3.784937124644845774e+00,4.516684134226973235e+00,3.115605584291200714e+00,5.250239008844519439e+00,4.803658276734124044e+00,5.358931267188135728e+00,2.795696187093001051e+00,5.588774474952425741e+00,3.609540395475939079e+00,4.209077586955746852e+00,5.230761044374736990e+00,4.501563449199631251e+00,4.513346311108653808e+00,4.921689563721248994e+00,4.492408373128633947e+00,3.663616820015251019e+00,3.779362583702798872e+00,4.098817379963909602e+00,2.932489597139811277e+00,4.765161339448875211e+00,3.998913600241748689e+00,3.726142926730292348e+00,4.784970207213854465e+00,3.413466994345073058e+00,3.292266629778084486e+00,2.931165852300597230e+00,3.699968614604555839e+00,3.606458703384194386e+00,2.572831383916832415e+00,3.002528596687398466e+00,2.461727294655624565e+00,2.357568098733426876e+00,1.273645710196129377e+00,2.713740277615480423e+00,1.183544254591083700e+00,2.364048823705643176e+00,2.155276853541605142e+00,3.760973546058877126e+00,1.635250671857690241e+00,1.830106082726915995e+00,2.150875317723878410e+00,1.893362794786733749e+00,3.783868233085445176e+00,1.217153051988008938e+00,1.917422915425845975e+00,2.569999652950153646e+00,3.060224736201813123e+00,1.739906826603662582e+00,1.431557714041324925e-01,1.852258139696479233e+00,3.295497826836758293e+00,2.166763747460529910e+00,2.062101191764094565e+00,7.037723272012248454e-01,5.422257178636160635e-01,1.667045946160438996e+00,1.637323646189914328e-01,2.312580498636969129e+00,6.256790167821557613e-01,1.388774974291083319e+00,-5.312276743576056504e-01,9.018443653271890348e-01,5.089267601455182977e-02,-1.144096204822996343e+00,1.660809291229190965e+00,2.701233730358506335e+00,2.130654769984938302e+00,1.623978859918856266e+00,4.692739914435650195e-01,1.630392377310996066e+00,1.989462336710957402e+00,8.435379571825818434e-01,-5.365370554266748471e-01,8.954580766803604819e-02,2.232733583981402870e+00,3.963999168573593690e-01,-2.912504645529511382e+00,-1.115565399914549172e+00,-1.299836500127778960e-01,1.271397280921331197e+00,-9.644332052908977104e-02,1.172217676225141725e+00,-4.672693429215484806e-01,-1.964292522235613125e+00,-4.915611585980845799e-01,3.449450015462850461e-01,2.619503493413132267e-01,-1.255107749256635596e+00,-3.511962018037653177e-01,2.684674238064073570e+00,-1.233268826296876730e+00,6.607233944637488365e-01,-2.096675698569795632e+00,8.637918245696619701e-01,-8.923253901884466988e-01,4.020882582029401409e-01,-1.291525601768201303e+00,2.908528001767071158e-01,-9.086502957414380743e-01,-7.150481829666253120e-01,4.419860063950306617e-01,-4.303854763970161867e-01,3.803814482163112021e-01,-1.908413186433507436e-01,6.749368124727499196e-02,4.450864713534015693e-01,-3.500184545911408929e-01
-5.347332475595915069e-01,-7.124941928082375586e-01,1.444420388153691670e+00,-6.028899139161178478e-02,4.547951696423804813e-01,7.741314616193650799e-01,-1.001437076505077739e+00,1.932074227141938050e-01,1.319644494477299590e+00,1.819223183299721214e+00,3.993639721469045140e-02,-2.379435473470746520e-01,2.690240681375333232e-01,2.436370470275210920e-01,1.386758066131153377e+00,-9.963916891670672182e-01,-2.798730861660216340e-01,-1.117141326876510465e+00,-1.012094885797577115e+00,3.765740151391243629e-01,8.098578416370264543e-01,-6.493916937437451686e-01,8.309877996012302592e-01,1.229364678383849663e+00,2.111385030311212052e+00,3.053188913448118824e-01,-3.452994743144294776e-01,-6.491138678502504922e-01,-6.895421235383085712e-01,1.720924786411132335e+00,-9.850582473221839441e-01,1.806678591910607423e+00,-2.206179123668009501e-01,2.150992965188280870e-02,6.140536831272496165e-01,1.208475991966586616e-01,1.815374914348685920e+00,2.755632121997826811e+00,3.437490230878541553e-01,6.278363521023061500e-01,9.556463946089751582e-01,1.718916976011451991e+00,1.083268944188898519e+00,2.682903644823291245e+00,2.501163160958563836e+00,2.279699014274769731e-01,1.993293431223346790e+00,3.051557513583961434e+00,1.095330341133515795e+00,1.354739425732783387e+00,1.179860310299325477e+00,1.259714703254715795e+00,1.572317774931140111e-01,5.562613885650522505e-01,2.020943069393273284e+00,3.515960335934762426e+00,1.447894559389641955e+00,1.477391079585307798e+00,3.880562463580540911e+00,1.129676941969760318e+00,6.355842517052661123e-01,1.527204988900128679e+00,1.751828956869202703e+00,7.260533615944444463e-01,2.404357750640839342e+00,3.539738817402926951e+00,1.364230704452505716e+00,2.796656707746862036e+00,3.163907175045986619e+00,2.743480234770860893e+00,3.071450110412154544e+00,3.141977793892246851e+00,2.190815585004544097e+00,4.561019124560785620e+00,4.369086397251073173e+00,4.370133971041965992e+00,4.252791324970602638e+00,1.723029125619655932e+00,4.282963983490587268e+00,4.071396043854069724e+00,1.938164011986718283e+00,3.318670282406364525e+00,3.869267097507671949e+00,5.315683756932958914e+00,4.434983527328522968e+00,2.904586952781904152e+00,5.523434149138108928e+00,3.930718464025976022e+00,3.689990575034935993e+00,3.677606525975155805e+00,2.440062495166776202e+00,4.012741239999707332e+00,4.678889011747448201e+00,3.854913437542515808e+00,4.719642252941230964e+00,3.493691715405431886e+00,4.276047882667934452e+00,4.792409134180125818e+00,4.724422695260855676e+00,2.988189739104329945e+00,4.213541888578087757e+00,6.388903780387862774e+00,4.277887786370680345e+00,4.845034415438977504e+00,4.801364131404135094e+00,1.568239758919651283e+00,1.290368122194670342e+00,8.075309998188094918e-01,-9.732423133725336406e-01,3.591830491920799950e-01,5.679417430751317886e-01,-6.986048355960543521e-01,-8.705171058476889323e-01,1.705014147207029929e+00,-3.008033122169288531e-01,1.614976818911148415e+00,9.970937554945338288e-01,4.078767823753214339e-01,4.525314363594846734e-01,-1.400419560330767643e+00,2.067747798344164445e-01,1.417020412981626398e+00,6.813395031856089856e-01,1.543366870644103106e-01,1.711937195817029966e+00,-1.850407226608039857e-01,-6.195556750216844044e-01,1.538319160782569972e-01
-5.597424735954820152e-01,-1.939494004426536300e-01,-6.633043217745172582e-01,-2.947792842997435381e-01,1.346178263626624849e+00,-1.077871811377189903e+00,-6.887176664229149869e-01,-1.254298862935751879e+00,-1.470908757187598281e+00,-1.867719141952914608e-01,-6.176091818007866108e-01,1.761688930792192354e+00,-2.828465461777933121e-01,1.289396863430024354e+00,9.680064749406335212e-01,-2.089541552240140876e-01,2.110135582085622907e+00,2.685339864648087493e-01,1.513009266003988884e+00,1.396596891581263877e+00,4.146479851047826792e-01,5.639250729758929381e+00,5.453298286446613297e+00,3.626072429309489920e+00,4.768731204528273260e+00,5.726795073393976310e+00,6.119841146185037495e+00,3.814122146365484856e+00,5.004700109384514484e+00,4.567846010223088449e+00,4.240208721738016884e+00,4.655192404918698124e+00,4.458294175733868769e+00,4.722811323314378917e+00,5.564227504765901777e+00,4.847745324054609561e+00,4.315315981436670612e+00,5.810456768761106616e+00,4.996868297192422759e+00,3.735647252082797465e+00,2.552032277707300789e+00,2.722428988513799109e+00,4.584599107123957573e+00,2.962161168929402510e+00,2.525525160444495043e+00,2.716602300243302182e+00,2.728410304213861437e+00,4.207549273460871930e+00,3.141266519270403901e+00,1.866740984127333691e+00,3.211267471563155063e+00,3.343595695623099218e+00,2.583099691108065699e+00,4.159428626115676764e+00,2.523711645604751475e+00,3.994095207308245410e+00,3.423647289720130438e+00,3.694577007463620610e+00,1.610527647986877975e+00,2.748495670405434410e+00,2.538464462966622648e+00,1.110392932007917555e+00,3.578567176092419366e+00,1.597212538756219047e+00,1.746152596201645757e+00,1.283511578813962162e+00,2.939120729856120384e+00,6.531116743872105168e-01,2.738023182998433835e+00,3.105769358151385440e+00,2.539540788907744595e+00,2.656097834502472388e+00,2.644122809608145719e+00,8.762590026783977359e-01,3.201525298442565504e+00,1.247821054018782183e+00,1.582616679936367898e+00,1.257473968549440269e+00,2.022760397151767808e+00,9.342880225110956616e-01,1.480347979259945657e+00,1.191954272506314805e-01,2.460311442272267612e+00,1.907494169094958281e+00,8.856004506170447321e-01,6.498181718670632545e-01,1.704702437584629582e+00,2.938878000050302308e-01,1.067653485780220457e+00,2.044793946820516517e+00,1.324502962597751132e-02,1.134209967257432172e+00,1.022441394446780727e+00,5.504862982226651491e-01,8.514052215547041058e-02,1.744834152527851678e+00,-1.264245507594404239e-01,-1.399787826748035036e+00,9.938916553866781189e-01,-9.068382966381305366e-01,9.274531873588500730e-01,1.511582279721266353e+00,7.475358996505556686e-01,1.130304312513431997e+00,2.020049106929647120e+00,9.667604626089466580e-01,3.305733926254357802e-01,1.633948183523648012e+00,1.754775544846584712e+00,1.768771783259420527e+00,-4.921435151960025789e-01,-1.354018358498404018e+00,-5.531921834348867417e-01,7.036416157931750792e-01,1.591589453321056724e-01,-2.064809851768470705e-01,5.604813988049354156e-01,-1.470805081673267178e+00,1.411692986915412951e-01,1.118457644847876908e+00,5.493156445582285663e-01,6.918098218337286331e-01,1.597372789952514749e+00,-6.614328487366696874e-02,-6.530916613503363610e-01,1.189515042665042044e+00,1.171120631033927051e+00,5.582916747557967740e-01
1.054412112219411446e+00,-9.530972104935060696e-02,4.169295032648165367e-01,3.819664575240949711e-01,-8.214695290296500918e-01,5.310966022846075330e-01,1.622498340901013636e+00,2.220393454263658653e-02,-1.460924938651657401e+00,-6.872265309140098699e-01,-1.779429448851627571e+00,1.290261129046064603e+00,7.641052963280947630e-01,-5.013692716678184169e-01,-1.418059921968936488e+00,-8.332949582424903356e-01,-6.382769656971474248e-01,1.094075990200584214e-01,7.575934319837979158e-02,1.341431975373702512e+00,-6.927548576980425699e-01,3.379932027599150679e+00,3.672248396184845554e+00,4.747309006254697650e+00,3.982762783129466300e+00,4.360539293936290584e+00,4.139621248503932094e+00,5.525000271902617222e+00,3.888903120479172415e+00,4.039633719997743455e+00,5.075366367478387986e+00,3.734207864661596155e+00,4.663509139524749436e+00,4.512889016463549119e+00,4.264276602776929437e+00,2.929221350483419695e+00,5.234498947085905129e+00,6.166515508521142053e+00,3.895766839579481555e+00,2.781690817315770836e+00,3.798255388385228581e+00,4.700119810020264133e+00,3.036178983092716610e+00,3.463574464064194114e+00,3.874234773968584289e+00,4.677735479136426733e+00,4.191218349393936116e+00,4.173769575210882543e+00,2.871740038376254578e+00,3.641034539600662256e+00,2.458259246675669196e+00,3.966855663060068871e+00,4.213656193334530897e+00,3.556907110695599172e+00,2.577239944502220492e+00,2.682030392629496607e+00,4.633380720707164002e+00,2.417261054795717623e+00,3.759072656243841237e+00,2.989077076385853626e+00,2.257156019081548948e+00,1.187750429446025491e+00,2.685106826878016495e+00,2.505714302269691274e+00,4.162255096496961571e+00,1.436634718989189707e+00,4.532702995333531604e+00,2.557851922656399601e+00,2.497977603756023512e+00,1.468183237475694902e+00,2.317068668836452794e+00,2.416520278889256357e+00,2.821903631850979810e+00,8.473611218122188982e-01,3.173571174566260034e+00,2.069312831924260188e+00,2.257233192833651980e+00,1.369169025395638783e+00,6.030756379954080870e-01,1.545049893051805290e+00,1.600727804845795355e+00,-3.088902371785429146e-02,2.088931638935820789e+00,2.233277857041335857e+00,4.481955886976874970e-01,9.638185162078216628e-02,7.571128143926318943e-01,1.025076277627291699e+00,6.781171600997173421e-01,8.224773266183275089e-01,1.045979846439086147e+00,-6.026598005883997411e-01,-5.465794997919763976e-01,-2.074454624037796791e+00,1.531475334712878889e+00,5.452641162509156425e-01,1.518995216472682319e+00,-7.254869214298071967e-01,3.777654032888063673e-01,5.092915592463048702e-01,-3.262104523262521205e-01,-1.376748766588970607e+00,1.863657357387038527e+00,1.458176351895991596e+00,-3.819322717253647581e-01,5.102276451696075021e-01,-4.847906763568931021e-01,-9.954036030247475075e-01,1.827261504957013782e+00,-1.655368881405801629e+00,-2.855036969711148842e-01,8.432382724223388970e-02,1.651236578687286238e+00,8.965886542360184119e-01,-1.672249774567318603e+00,-2.750241034182262546e-03,2.106019836435950657e-02,-2.283383352994421966e-01,6.198091075303009401e-01,-1.409106927755977123e+00,-4.086359125366701428e-01,4.788187482130752959e-01,6.795756851606411519e-01,1.494194735091969040e-01,-2.883922003002990508e-01,-1.199412736264725554e-01,7.404071223772371590e-01,3.390078412545997899e-02
-3.217062178214337154e-01,7.587738995981267720e-02,-2.726945821524605629e-01,1.443289553631942335e+00,-2.206418848383732811e+00,-5.458425859710775985e-01,-8.702562235172253136e-01,2.191106000344100191e-01,7.714478588312635721e-02,1.622193101549428862e+00,1.951142048297794584e+00,-7.730834555704811928e-01,5.000650336295328104e-04,1.963044169243553794e-01,-7.978137483373359817e-01,6.283820360376228820e-01,-2.395073687649446059e-01,-1.067634850600977847e+00,-2.795683042665431106e-01,-9.976745727406487463e-01,1.036646829419255678e+00,6.789679137066749526e+00,5.074046245221677687e+00,4.881610628754473602e+00,4.863875616949442815e+00,5.834781868387631576e+00,5.754353832420559201e+00,4.419108249649204012e+00,4.728458734950585551e+00,5.069622204122632425e+00,3.220395329768878767e+00,5.511798013114129091e+00,5.975128656294959484e+00,5.346435859281247538e+00,2.876916832201295016e+00,2.093617277771035567e+00,4.713443396081899550e+00,3.185642262975941108e+00,4.174072055435072315e+00,5.363194410693694181e+00,3.112197503661795928e+00,3.332705013025304641e+00,3.928089631396639803e+00,2.294964008200153227e+00,2.775724441550566635e+00,3.499545130681770644e+00,3.115339747486810307e+00,3.965309359477847018e+00,6.063988209491947501e+00,3.338253923844864079e+00,2.338510627762789618e+00,4.539569917932421816e+00,1.473618077228695977e+00,1.614635370893868993e+00,2.349547092649312496e+00,2.602870800151469766e+00,2.207791773527945534e+00,2.736459174996190846e+00,2.983820391539617756e+00,3.719145013442469949e+00,2.682480741385173673e+00,1.970453209220349056e+00,3.488151832728921597e+00,1.596897959933438305e+00,7.231176793503053535e-01,3.502783432316229906e+00,3.379787648596718874e+00,1.386743000955700023e+00,1.721049528712940369e+00,1.144327826577995477e+00,2.328986578847118238e+00,3.675518642024125260e+00,2.587458138625224890e+00,2.861407971987194543e+00,2.586518650469233016e+00,1.707778159593187350e+00,2.732344735437655547e+00,2.335141849813198611e+00,2.970663991427594741e+00,1.012776324486761581e+00,-3.246793845228095332e-01,2.399790259269714010e+00,1.645415754376754025e+00,9.407071228235186489e-01,9.377074002113230389e-01,3.673653527794989326e+00,4.178795387326618149e-01,1.478778738146588889e-01,1.027572403508403287e+00,2.063886037362071768e+00,3.102904135292397836e+00,1.422974101526800261e+00,-5.636926164681415052e-01,2.618687387603146899e+00,5.694614071823100865e-01,-3.076723362615031432e-01,-6.082483720918283598e-01,1.248579793717041087e+00,5.921874499420580751e-01,6.395404300755540561e-01,1.522075161575693780e+00,-6.254755596318219979e-01,1.483940649525529620e+00,-4.602643121677494897e-01,2.164007373912356424e+00,5.987390159931401667e-01,-9.202385297763772121e-01,-2.025418083320479568e+00,8.089247222790113545e-01,-3.741802759901836639e-01,-1.555656945218355791e-01,7.661960091741071288e-01,1.010413826250655678e+00,1.223710340669290852e+00,-1.174841308382936544e+00,1.425894749624588842e+00,-5.790453361681494604e-01,-2.256249934748226771e+00,-1.178440346860045729e+00,2.180250921325650182e-01,-9.788142460811394274e-01,-8.804446917604381861e-02,3.382524875291783029e-01,-1.813854031092858310e-01,-4.943543378567168411e-01,-1.250696062988226220e+00,2.194380821533224030e-02,-2.064957387584735127e+00
-2.103701585610457392e-01,-5.947762545556622982e-01,-1.281297673476854859e+00,-1.737729755051292235e+00,-1.947883513321162940e+00,5.794425728672615294e-01,1.476993252267768952e-01,-4.838111315410965063e-01,-3.314562977246389153e-01,2.104705415304845839e-01,-1.645630710085941584e-01,-1.340553180003828171e+00,9.130002202742996120e-01,3.041261706698092926e-01,2.658984798138482875e-01,8.375627033583724623e-01,-8.136453560596745849e-01,1.213731437725841911e+00,-1.400428519422380613e-01,8.885988803308747519e-01,7.344490334876546678e-01,-1.038801828002555938e+00,5.617934155400766683e-01,4.440606920985668560e-01,2.069906893721643604e-01,1.412002924683817273e-01,2.085718034119119213e-01,1.166047489399639758e+00,9.901615881730949642e-01,5.016229352731905733e-01,-9.618990508379082760e-01,1.083373520343025476e+00,1.371436736063127437e+00,3.007126212958258549e+00,1.841042201242267140e+00,-1.074674239152297428e+00,9.618245584077533827e-01,2.753663198680032842e+00,1.624730037542629235e+00,1.388726351640142020e+00,2.019195860808109533e+00,5.554820175280111849e-01,1.714843219772210769e+00,1.045178194778785263e+00,1.334915758586161738e+00,2.241886770717683497e+00,5.456121631563364271e-01,2.819200750076396922e+00,1.167299325814855848e+00,1.909667130676747426e+00,3.073893478773377375e-01,2.486627609649612047e+00,3.272187265350739338e+00,1.369934790811955905e+00,8.332459641464435851e-01,2.280345426024692479e+00,3.516066016899667801e+00,6.702918170529599262e-01,1.072733211931464314e+00,1.783744845474231511e+00,1.476483589880992486e+00,1.538534958428633193e+00,3.204928079997917401e-01,3.062563393695377556e+00,2.871119959785085829e+00,8.924432677377460710e-01,4.107381238123577916e+00,4.390170803723760784e+00,2.017065949639099465e+00,3.993413101022159850e+00,2.312759715680149153e+00,3.125767041508096700e+00,2.167781406902067332e+00,5.276688076011192940e+00,2.825312335844959666e+00,3.306671596624260800e+00,2.551178196962912370e+00,5.159324192289074240e+00,5.243516251768030934e+00,5.046723797567501890e+00,4.431127975278123188e+00,2.908791090622390385e+00,4.420323744144801559e+00,3.644323859883588312e+00,5.022668291176897171e+00,4.885054733425567619e+00,3.178780112610221309e+00,4.834764504149303477e+00,4.627866161981954107e+00,1.231161859650519830e+00,4.864554372819371864e+00,3.690714955175643741e+00,3.295361300110116964e+00,3.397036160773989177e+00,4.163946880061640599e+00,4.838142366406295913e+00,3.051513774753373376e+00,4.665716643783958339e+00,5.111519884390506974e+00,6.455460612493007844e+00,3.575857670224186435e+00,4.361828663297453446e+00,5.031996833397677449e+00,5.976636201518743974e+00,4.583896000781265023e+00,1.198641371991051141e+00,-1.937362316476459734e+00,-1.253348193121885945e+00,3.486443443342206461e-01,-1.410824498087875245e+00,-1.174470526766716816e+00,-5.277768642459392812e-01,7.714389919158241016e-01,-1.895964841307289150e+00,1.702983621623941901e-01,1.032963947152805817e+00,-1.949452084289584053e-01,-3.688302295925402485e-01,4.017712825585736947e-01,-1.921110527214400232e-01,1.390499781240746691e+00,-1.111413012134434997e+00,-5.164415516508495674e-02,2.056863749606842040e-01,-3.784540518464596381e-01,-2.871282662957461262e+00,-1.609049080491928851e-01,9.001769869124663925e-01
1.166302747236789505e+00,5.684410062561544574e-01,5.995941132814938124e-01,-5.071230600565902469e-01,-2.363547370889958477e-01,-1.187912808642064943e+00,-3.530160567255622439e-01,-1.036575916356297311e+00,1.313068515588714957e+00,5.053581559400609213e-02,1.704972350404307668e-01,-2.251465273500212472e-01,1.975789220514078404e-01,2.464877635857683380e+00,-3.001402843924914077e-01,-6.504130347099936760e-01,5.296931329054426207e-01,-2.525718633602488161e+00,6.395678691093298340e-02,-3.717129032929008536e-01,-9.923132660360942658e-01,5.077576703115002088e-01,1.128814290717336799e-01,-1.684622886242335582e+00,-4.698504893146155381e-01,-2.652699162688961554e+00,5.877343672632064919e-01,6.366574821958013164e-01,-3.810308194520884428e-01,1.011256796690652493e+00,-7.524615254880558934e-01,-3.775869196755858859e-01,1.065013581267912013e+00,1.804937254834537708e-02,7.029521819347848144e-01,2.608531213368272539e-01,4.724640030899265875e-01,5.750639540600586130e-01,2.944244234228143853e-01,1.362523905627056831e+00,4.910387151389242755e-01,1.193546926314416279e+00,5.080215417703516367e-01,-2.386523926137626983e-01,2.266974493655802725e+00,1.912959240117985349e+00,3.761007334446190065e+00,4.872454362762004276e-01,1.381150799568368726e+00,1.520496816670534157e+00,2.697266746434411999e+00,1.259682424645613086e+00,6.546414752283074012e-01,3.092385648491105421e+00,1.626819321394815443e+00,2.881005871008027075e+00,2.823453772700136533e+00,2.090257908631566242e+00,2.004727688125058194e+00,1.846369597455942646e+00,2.281634285641698678e+00,3.218820651208259331e+00,1.618173254603989530e+00,2.582352076498630300e+00,1.413768028716642977e+00,1.597186234499198942e+00,2.619246481011707761e+00,7.489204804994409326e-01,4.828530116035265607e+00,1.633804555134917846e+00,2.845669008014541479e+00,4.112868253113900252e+00,2.140638203172477994e+00,7.597395630042007575e-01,2.676383803050185861e+00,2.305402193724679361e+00,9.627420758347371432e-01,3.582898487624878836e+00,3.563995467911572401e+00,4.558121070842913625e+00,2.353865261410114318e+00,1.934444151109430132e+00,3.185750565135800016e+00,3.563023999799228569e+00,4.631609272420760703e+00,5.179720685065364982e+00,5.042524824593492383e+00,4.163482368204753925e+00,4.745330965442176030e+00,3.364231287794783753e+00,4.232012925665156189e+00,2.931220604528043783e+00,4.244089151328663156e+00,4.328943462465744574e+00,6.021318381378641504e+00,4.129099924829366053e+00,4.507018634598840556e+00,4.712830223283536846e+00,4.079941502308981782e+00,3.791162095611728677e+00,5.951359164296368576e+00,3.730523407114959333e+00,3.442415789013924865e+00,5.509492250622618492e+00,6.045934723977088865e+00,-4.514096576006390027e-01,-4.360534876498796120e-01,2.825435261067931192e-01,-7.078526767431831956e-01,-7.817125206119687197e-01,8.795925879863657482e-01,6.071311007836184270e-01,1.311158886318105177e+00,-1.252589012365495691e+00,-5.024624869106166791e-01,2.811795622694528984e-01,-9.256208497743664276e-01,6.416874371546495981e-01,1.224627087226331845e+00,-5.833579722273481982e-01,3.859194022703302945e-02,1.455618690081116551e+00,1.799271575018999370e+00,7.458012510604037359e-01,5.934291731936091052e-01,-8.537365346849118408e-01,3.592094004578409439e-01,5.568208407749981603e-01
-1.943315454203284609e-01,-8.862203436094058251e-01,2.686614266837725751e-01,1.035441386393930463e-01,-2.162219220917793283e+00,-1.855800576606758678e-02,1.076146312640013036e+00,-3.991118522027499171e-01,-6.528967724115620763e-01,-1.377700773116852462e+00,-1.857992041624404456e+00,8.313492670632542936e-01,-1.814783295791960460e-01,7.720215620034228676e-01,1.531323744579469182e+00,9.212476849103452547e-01,-5.423723214387957681e-01,1.448676646575553228e-01,-6.147728651569183134e-01,-7.082884626016631158e-01,3.428151624026237188e-01,-8.322938831181725394e-01,-2.150258608462760179e+00,-7.703618744754952008e-01,-1.302021168095506831e-01,1.756970540335685005e+00,-1.964723967416617811e-01,8.652821547849192108e-01,2.439428404195155831e-01,1.697549228877909711e+00,1.687133481097425225e+00,1.765105211499326643e+00,-1.086160412532004793e+00,9.134401747562829188e-01,1.524547738259176999e+00,1.206040711352501127e+00,1.519991485210939963e+00,1.000639174300528955e+00,2.563969739144650317e-01,-6.370231937193189253e-01,4.733977732443981346e-01,3.855970086157206822e+00,7.511020470540827887e-01,-6.637439923200481040e-01,2.087188605125719132e+00,2.268892263705221790e+00,2.759649655800658241e+00,2.002196779981238794e+00,2.435712801367350799e+00,3.489221432368331044e+00,9.624238160901654737e-01,8.229396133545039405e-01,7.310967898512330532e-01,1.618806753536119913e+00,3.376891770481211807e+00,2.530430729028219083e+00,2.549947324617142907e+00,3.008404538691422658e-01,1.485854565923387050e+00,4.022767709237102807e-01,3.468073203733231580e+00,3.941366917923361246e+00,3.194180162903950126e+00,1.486720400549964793e+00,4.014421950531241734e+00,2.338037557516181586e+00,1.435726197414670446e+00,1.744674234181580630e+00,2.337814863827377021e+00,2.876443030529860945e+00,2.724413309019301455e+00,1.531982113126008738e+00,4.216859951108617999e+00,2.911830633112074018e+00,2.407575706904206747e+00,4.290524935783562199e+00,2.055709396160207980e+00,1.669118411478165198e+00,4.629389052277359973e+00,5.307182465854900499e+00,3.012591608279103106e+00,3.487610629639297688e+00,2.445808933661480111e+00,3.656859209051717130e+00,3.234554405703067737e+00,3.667024240025206439e+00,4.237304078283388620e+00,2.788793223281240241e+00,3.584020372705460034e+00,2.200943300785789702e+00,3.708630449076621538e+00,4.029076672898850298e+00,4.410386179502868487e+00,4.479873305430940533e+00,5.203112526430528462e+00,2.818416267046292667e+00,2.930698766995259774e+00,5.004826743964014391e+00,2.495800541192018773e+00,4.776955040928369201e+00,3.472254899859422927e+00,6.284255490992437743e+00,5.020786268428976129e+00,4.610070851614075593e+00,6.115840759092257883e+00,-1.063402006570950853e+00,-8.734096340878083620e-01,-1.261454833655109020e+00,-8.650392263489929956e-01,6.111560936738783673e-02,4.939518719937204816e-01,9.614216853675426888e-01,-1.824724046900739083e+00,-1.718629864632917337e-01,-1.108164531190801716e+00,-2.052870914881009534e-01,2.334163580127039950e+00,2.918617620000149571e-01,8.994649711482458621e-01,1.960691272161046772e+00,1.127358243174758190e+00,-4.479144796869845568e-01,-1.275832086569938184e+00,-3.014426952085112743e-02,-5.677057842186854497e-01,-1.524521286619174187e+00,2.409249972894686453e-01,2.658862980593329484e-01
7.664673681115959925e-01,-1.717794095808260924e+00,2.848686434904174059e-01,8.103450155363101093e-01,-2.696416252968609206e-01,1.106964766302641623e+00,6.411866624110701407e-01,2.141383118511077210e+00,-7.506028975812151227e-01,8.307098504960893637e-01,-1.017323907797404781e+00,-1.615366451276726067e+00,-2.035530842817872887e+00,5.383240223969265603e-01,1.842479139441025593e-01,-4.790510573617537959e-01,-1.773504333949613043e+00,-6.903866261386761849e-01,4.093007675456264774e-03,7.931693667930979075e-01,-1.653575024762565099e-02,2.520603427052778289e-01,-3.172393703481951044e-01,1.867010223779036027e+00,-8.415706124504056529e-01,-4.636661747813648482e-01,-1.978930208638094990e-01,8.960624617323682539e-01,-6.266087154052955022e-01,6.068626755555244223e-01,6.949472390600237581e-01,-1.054278644739728987e-01,9.778025778422048120e-01,-3.010977712261426742e-01,-3.514650043245167721e-01,9.241079052846106201e-01,-7.763604260889520603e-01,-1.202514532535186476e+00,1.534014481437792288e+00,2.109044133858103187e+00,6.521640832003443577e-01,5.097895604210437304e-01,2.242288449119314464e+00,1.501080157717757935e-01,-8.833380324521966642e-03,2.121068678731064416e+00,1.481363452160825211e+00,2.596095015564696240e+00,-5.501545918775798683e-01,2.483303064077768685e-01,1.722229367996437333e+00,2.184464017262008007e+00,2.672680417093620253e+00,2.059394108838880744e+00,2.108124506014612543e+00,1.612960818251785611e+00,3.652160276812442596e+00,1.017124927063367990e+00,2.538061545715745382e+00,1.250125569197727327e+00,2.831605960216697859e+00,1.318702855649862116e+00,3.158429134164026930e+00,2.585611393114026768e+00,4.277038630174132550e+00,2.310272820269805738e+00,3.075151594414877287e+00,1.929422208332563171e+00,2.480078492977919158e+00,2.932613989489507134e+00,1.358537598199720975e+00,1.527026597112263850e+00,3.603402841758621467e+00,2.916349731017237712e+00,2.528403030126835649e+00,2.443236393384042859e+00,2.540626788703045591e+00,3.410559310060908622e+00,3.801937469794810287e+00,1.323687386679337497e+00,4.887521683700393638e+00,4.875281400498435502e+00,1.261818884635484306e+00,4.737293355131121153e+00,4.765478520765307202e+00,3.769598174247751121e+00,2.530877068801269836e+00,4.902166792977158849e+00,3.704600645640676149e+00,4.553603566382924406e+00,6.282819005151687897e+00,4.374347494439469131e+00,3.264519062723228338e+00,3.904565770148010095e+00,3.509744415452684230e+00,4.791572503768135149e+00,3.610908238195749131e+00,4.003017385221850688e+00,3.250331443789835184e+00,4.461567823304232405e+00,4.829302632751366176e+00,2.026652802957764621e+00,5.029907422181419285e+00,4.783526640230358673e+00,4.123127933196951922e+00,2.028628924269872957e+00,9.584765276047546578e-01,-1.096402486151401456e+00,8.382368795711403475e-01,1.244498076021057775e+00,1.320209226175572126e-01,3.614420369473253514e-01,3.383466669215909328e-01,-2.085815858923288690e+00,-1.868695968503992499e-01,-2.389128419840286510e-01,1.430155636559878207e+00,3.337278635618730616e-01,-2.976109621166947994e-01,-9.012474099101125402e-02,1.023385581627401120e+00,-1.845846632453155001e-01,-6.981955330916090885e-01,-2.757021929208663957e-01,9.406961438226821848e-01,4.961649055979363010e-01,4.426797334911382331e-02,1.915392994448301411e-01
5.074209278332887374e-01,-9.159247272624271297e-01,1.134294793888212416e+00,-1.393831043812922887e+00,-5.661285886075679841e-01,6.207475552794239348e-01,1.040188564792752235e+00,-1.404001296381097719e+00,2.645036790415158379e+00,-8.974915631672095717e-01,-1.312182477527782609e+00,5.027148917732570110e-01,-3.482934535814571353e-01,-4.960523125397443556e-01,5.956440575697194983e-01,-1.527295690427809216e+00,-1.702134399974702283e+00,-5.974233651432281356e-01,1.077901739453325236e+00,-5.540552934127837004e-01,1.599156684528614258e+00,6.089134643124969770e+00,5.112173055834622559e+00,5.110057720075955601e+00,4.993443475092112394e+00,4.812265568131416593e+00,4.227413131345196362e+00,4.284573984990271533e+00,3.405908650978912267e+00,2.206933007655373924e+00,5.462153395601662353e+00,4.456448212478970383e+00,4.246508120689517440e+00,4.579852877299670055e+00,3.294113289022201130e+00,3.062555519805476578e+00,3.721040028885815421e+00,5.313930193701840388e+00,2.718197672818960520e+00,1.200980333877979866e+00,3.247751588241453380e+00,4.852959585669447407e+00,1.918822634453970055e+00,2.412190044359512342e+00,3.797127378134611764e+00,6.044594662405836871e+00,2.057582947778366034e+00,1.959967514210661621e+00,3.636706963891865207e+00,4.443790024420444240e+00,2.556123861475088077e+00,1.499935407052688685e+00,3.496185773435263044e+00,3.618384939225949282e+00,4.723305657835284777e+00,3.542704632995373970e+00,3.654930586417533434e+00,2.505826355551307838e+00,5.150582830962740388e+00,2.252043467578861868e+00,1.979370346129621261e+00,4.341914375434057227e+00,9.992691673940998776e-01,5.672050511356538927e-01,2.475277349636113122e+00,2.295090891135992628e+00,2.010046422235085117e+00,3.172971150281457930e+00,1.211942200245295531e+00,2.125422497532599042e+00,1.642256408643797183e+00,1.052250850549292682e+00,1.822736256069419580e+00,2.678279132699264764e+00,3.887358439208723038e+00,2.287316291051249895e+00,-8.618307038751116256e-01,1.551971201458750338e+00,1.581021067177291073e+00,2.408534275228467969e+00,1.598242557512316031e+00,2.607628161698713143e+00,1.687316849385967377e+00,2.795551292642643570e+00,7.391142924705207395e-01,1.263310669189567470e+00,1.886715726656829517e+00,4.289871103475485503e-01,1.522753679339754473e-01,2.540430597024256887e-01,7.528653167424759207e-02,1.288171059012556574e+00,-1.128091902123267154e+00,-9.081469094325591573e-01,2.451676598616669533e+00,-1.950596253407110847e-01,6.711589361792739128e-01,-1.076895343517543235e+00,4.474823315449203975e-01,-4.245416145517004192e-01,-1.327517455656651357e+00,1.513599469442535428e+00,1.300351748312752909e+00,-4.846178008807571630e-02,9.994190326779112121e-01,1.903292687727160093e+00,7.540759331580894065e-01,4.796797395099631767e-01,1.989496964833095127e-01,6.494973648592395898e-01,-3.639193934896365334e-01,-2.766358691614466125e-01,4.508913752125148777e-01,-4.738648701595289392e-01,-3.657996727935023951e-01,1.866646349733768980e-04,1.150607550593069073e+00,-1.132663753559647546e+00,7.591785027052608825e-01,7.917964128034703508e-01,7.858120092968090553e-01,-8.067463802094888559e-01,-1.692681615510936988e+00,5.597004724114221785e-01,1.875387844139619897e-01,1.004376634763132214e+00,-7.005368280095384259e-01,7.601183762563611390e-01
2.787230349706611432e-01,-2.452264601315733206e+00,-9.012938186646679561e-01,-1.086286640888555755e-01,-5.548495829767372683e-02,2.593893089996940349e-01,3.023482903316426773e-01,1.516233322933896233e+00,3.124584810979474381e-01,-3.130237082164405438e-01,-1.599123472537482549e+00,-1.368590115541857166e+00,5.354918099752046245e-01,1.060446814110467928e+00,1.541370996918182579e+00,-8.278930789157131764e-01,-3.038644354309271711e-01,2.423336860831125650e-01,2.047398921130238136e+00,1.148614682138955762e-01,1.551262854732970986e+00,5.058092784860387603e+00,6.041365068381534975e+00,5.914699728505157239e+00,5.054208014461230469e+00,3.867736634690924546e+00,4.619025444024128291e+00,6.377165055837558327e+00,5.765945050433193053e+00,4.454469555181232110e+00,4.545811243328679474e+00,3.157246778187511538e+00,6.332458673934890037e+00,5.774183442199232630e+00,4.751042060911226272e+00,5.088254301126501566e+00,2.717254053822669047e+00,4.401405385910329926e+00,6.222565522817214756e+00,5.869667258683159972e+00,5.218820439017011203e+00,4.873401623318142306e+00,5.684525311649405666e+00,4.606734775401992721e+00,3.223426685758071564e+00,4.881920742279207026e+00,5.291239209038656632e+00,6.010797566751100440e+00,3.446924121457080492e+00,4.765208575401623570e+00,4.812816227197956209e+00,3.786867977105967231e+00,5.375793156876373047e+00,5.635487913564880991e+00,4.597427573922035826e+00,6.943212490574551587e+00,4.568759874419420441e+00,4.441436411262412065e+00,4.412448533984476562e+00,4.072620808664590086e+00,4.329094388719222586e+00,3.454031012720554905e+00,4.696587058039786378e+00,4.945593884977375509e+00,2.605317391912281177e+00,4.786170369473222941e+00,4.930253963695008679e+00,5.402708872643618321e+00,6.092754954528904143e+00,5.739474146553589229e+00,4.267756159417527506e+00,4.151707709695433124e+00,5.467624283502932947e+00,4.340840045615557585e+00,3.660065862829454897e+00,7.262261625353675143e+00,4.577395617335885625e+00,4.261595699264534964e+00,2.695989825711100352e+00,5.739521974331907472e+00,3.900184036156537637e+00,4.916740441520905058e+00,5.856743038257500089e+00,3.915851334229007552e+00,4.967602333770617662e+00,6.411907292146887372e+00,2.431372825089599843e+00,4.077614034973860768e+00,3.983577998166007994e+00,4.701214759392669862e+00,4.840329004579540850e+00,3.826857249006488715e+00,4.233746535840063885e+00,4.114894911500256214e+00,4.537330636780209758e+00,5.106342614484175257e+00,5.798684004324159424e+00,5.943450878499493939e+00,5.541754143288402545e+00,4.014145762467982159e+00,4.884823961625725630e+00,7.262449285445467417e+00,5.902652574640376848e+00,4.447615323079554095e+00,6.470158064916859075e+00,-3.880691897974140603e-01,-6.684019683032681458e-01,1.395731935928564038e+00,-1.309649290011898337e+00,-1.913777580268356315e+00,9.412845780604750523e-01,2.769093161621279109e-02,1.273654785371559073e-01,-3.614228394269772826e-01,-2.384933673840582691e-01,-4.581099028313764254e-01,-6.259929302544002816e-01,-3.819102223687615982e-01,-4.134512388176996844e-01,-8.285837710187353711e-01,-5.451691993318439344e-01,-2.502759521662215381e+00,6.846422015551685281e-01,3.902532689831421653e-01,-8.490883249583230930e-02,2.373243847597432399e-01,2.735774031386282168e-01,-7.240017966042988640e-01
-6.859980417194213587e-01,-9.277841090607610308e-01,-2.393768515089148285e-01,-2.133297993092692912e-01,9.599566744337453272e-01,1.583477277249599524e+00,-1.117778840236970161e+00,1.992832625270029689e+00,-7.792955995214319032e-01,1.725267829230898164e-01,5.108629891483177365e-01,2.444582752582506124e+00,-5.422823377626642127e-01,-1.796738012978053245e+00,1.490379470192981337e+00,-8.333735587954348434e-01,-3.615885805755928439e-01,-1.117749653926175313e+00,-3.587037730489189280e-01,-8.403915362054409366e-01,6.764418164947713086e-01,4.968911511675058179e+00,4.148171710712459159e+00,5.766205837360125486e+00,4.966437600749856074e+00,2.806499589005261086e+00,5.513358142907677895e+00,4.719629702050069042e+00,5.866601295163036411e+00,4.540893223288198222e+00,3.566373435752017595e+00,4.094894442391835199e+00,5.044216095948452327e+00,3.410666694740927873e+00,3.682213956708291214e+00,3.841929153190842161e+00,2.855353112348095301e+00,3.189508287309453127e+00,4.059488893116276920e+00,5.030523438339153941e+00,4.086299664770681517e+00,3.664398410065242917e+00,2.820095884856012702e+00,4.687634059902615391e+00,3.967086137503285315e+00,2.767957863411262043e+00,4.314443074989462446e+00,3.916478667189087659e+00,2.484478245686443820e+00,3.137737328162539363e+00,2.687449845557861483e+00,5.754867503206462231e+00,3.594181435674576264e+00,3.190305596771216390e+00,3.417313587373749240e+00,4.264920108868592408e+00,2.743484365606688513e+00,2.178062201553457200e+00,3.553361716890690580e+00,2.475240912166019935e+00,1.521397138460888199e+00,1.267713025159392215e+00,4.002802997129043305e+00,2.546258002582853397e+00,1.766153041045227301e+00,2.062492503369624419e+00,3.045379121794098864e+00,1.885635877317761278e+00,6.707286533564476017e-01,2.387096224055849536e+00,3.210710178855546992e+00,3.084933668628294434e+00,1.325246401892857806e+00,3.094855985862541292e+00,1.979740292449844397e+00,2.949044652031007629e+00,2.222691327528893535e+00,6.851444426772967944e-02,3.277957213782805024e+00,1.524109116847471412e+00,1.990226078936394138e+00,1.049461592479228322e-02,1.800972733848760887e+00,2.339680955887414981e+00,3.113180549117218199e+00,2.519366996688155780e+00,1.614298895212972429e+00,-5.431961727073941759e-01,1.074560960512472851e+00,2.908855941761804287e-01,1.059480023579416841e+00,-4.507166946578696765e-01,4.965492197193870361e-01,1.306400330792794051e-01,4.076375029016077178e-02,-8.199090357687843778e-03,3.352893686192812694e-01,6.984458334296069770e-01,-2.145135524115806547e+00,-2.081967803208160106e+00,-1.031192974181122934e-01,-2.109001282779221498e-02,3.068972378558220693e-01,-6.687793442302834013e-01,9.465194022681649652e-03,1.265232050180550571e-01,-7.345580968654714660e-01,1.013455821741100937e+00,1.769863114550606631e-01,5.469610954632903033e-01,6.884573128385278185e-02,2.103673103061720173e+00,5.963970691176536665e-01,-4.879933162072253028e-01,8.209668843684005957e-01,-1.637604917456671805e+00,1.196002626671043012e-01,3.191602900919904839e-01,1.310207620786981997e-01,-3.337788708388872982e-01,-1.012273356837015248e+00,-7.893470120509624710e-01,1.020749162473836708e-01,-1.113519232427992556e+00,1.770167615647272763e+00,-2.640897679343706006e+00,-3.234378675446039075e-01,1.103896391076970573e-01
-1.955276426310101012e+00,-1.653990181435119056e-01,1.305969917327188812e+00,-9.116911955618714480e-02,-2.240049898519503202e+00,-4.983623921924465461e-01,9.926885389127921844e-01,5.458171745620151727e-01,-8.398808965107354974e-01,-5.652847763990818120e-01,-4.107086591024167732e-01,-6.627137718629301233e-01,-2.029673867739582249e+00,7.635911006198558004e-01,1.257059956689092983e+00,-1.518448943964740172e+00,1.243852932586314575e+00,-1.030232013972157828e-01,1.225132348167874419e+00,3.795043629044596994e-02,1.355445921586299618e-01,3.724346469822127914e-01,-7.311733145093374242e-01,1.312460165579903082e+00,-9.447016061969626399e-01,-1.664947020129077526e-01,8.187297307728724771e-01,-1.558371767298195598e-01,1.189782315196528995e+00,1.847010258191482013e+00,1.542583096687303090e+00,-1.347185207419214326e+00,7.736700865047051456e-01,1.735398738207680536e+00,-5.511397086848276450e-01,1.548112735992044797e+00,1.550855941028422835e+00,-2.698017219232137220e-01,1.835413846381153125e+00,1.332771984796867759e+00,1.769348990614142192e+00,2.115478267536816670e-01,1.386889339516139463e+00,-4.092323203616279326e-01,-9.224519631364145322e-01,1.554260681550327039e+00,2.572922872409828088e+00,1.784155090539538691e+00,1.526665222956253398e+00,1.461470177471466680e+00,7.653319167092151876e-01,1.544929414982915139e+00,2.247367797668606393e+00,1.449354107229474664e+00,2.694056204491819706e+00,2.198337395146586548e+00,2.378234789681331396e+00,3.008811136084825755e+00,1.652285960504815687e+00,2.897314989972698651e+00,1.910350697159713951e+00,2.695234908856468437e+00,1.768842085027000355e+00,1.562802623224777587e+00,2.624264202563944437e+00,7.060924155202743524e-01,2.353918034658450065e+00,1.102701483184092446e+00,3.547205533732821436e+00,3.876975106154068484e+00,2.021806299250289207e+00,3.372963493770532395e+00,3.902679255610468356e+00,3.964905775050700854e+00,3.335780397146498544e+00,3.914527249362295347e+00,2.589784272506345353e+00,3.381131060709359648e+00,2.889798198887844727e+00,2.682006642519197737e+00,3.510751018400128931e+00,3.881111013714517277e+00,4.755982416137371160e+00,3.916522186107211034e+00,4.352190204395816053e+00,4.422435853309743869e+00,6.515580056383106111e+00,2.076906298039507881e+00,3.257897845100850009e+00,5.478780775052047858e+00,3.711604658336435492e+00,5.008313881417569391e+00,4.411413278204626920e+00,6.345499166275741842e+00,3.186135348629960173e+00,5.579883338838425466e+00,6.166557102218052755e+00,3.461449930403494690e+00,5.317632061778780894e+00,3.628156842994320286e+00,4.682709411984441239e+00,4.454852919893083296e+00,2.367579925801511109e+00,5.253461131039036225e+00,5.031459049559310337e+00,1.479078973405760333e+00,6.111436546495425670e-01,2.290883924078762401e+00,1.070423820787138186e-01,-1.055300520023073896e-01,-1.843566507170958102e-01,-4.395887110317737156e-01,-2.207750916382568818e+00,-2.201946270079575829e-01,-2.067854726435992330e+00,4.520333445857688259e-01,-1.240060292470584358e+00,-8.943326230884197647e-01,-6.694101948325517082e-01,-2.049350378132454020e-01,6.868254939036984308e-03,1.084479583073070685e+00,-5.775300935075537989e-01,4.801461362223696239e-01,2.730867233223567503e+00,3.773507027632297395e-01,-1.804897889316338100e-01,-7.791516519282972730e-01
1.780829212966642539e+00,-1.632952280541983381e+00,-5.727684245485258341e-01,8.004982417659725069e-01,1.792746044266840810e-01,5.328598928134586910e-01,-1.253808233793257010e+00,1.376803492878929447e+00,7.770160957572890270e-01,4.016255054914734113e-01,-6.856102810818077709e-01,3.238001276059452316e-01,-2.914899789934902730e-01,-1.650491210037761780e+00,-5.042285172148769368e-02,-1.567303982225258518e-01,1.062401509875120054e+00,-2.234426442314202621e+00,2.351998288547010041e-01,-1.155568048105717338e+00,3.192233421955466000e-01,5.262399937530385152e+00,4.801275104822887663e+00,5.695413006764162844e+00,3.642353822853380052e+00,5.995840332234779524e+00,4.180041015758937384e+00,3.332221231463183386e+00,4.615723911453270212e+00,2.792962359273093664e+00,5.142293774199281131e+00,4.628869439372853556e+00,6.121806803329114643e+00,5.537044092460075007e+00,3.496123544765068925e+00,4.049732390835194096e+00,5.408784302487288365e+00,5.735198891938113164e+00,6.110620796839959290e+00,6.102629167258426968e+00,4.798597271705173917e+00,5.250775504204248101e+00,6.186858385896875312e+00,4.584811420017130601e+00,5.267846068893202727e+00,4.561239102273427548e+00,4.337171767487651763e+00,4.936505000238882168e+00,4.200576430613487844e+00,4.757203909183330026e+00,3.853165017420946192e+00,4.698125494770700072e+00,5.336510175568940362e+00,4.299356345746283559e+00,4.897411634483991527e+00,5.027462475574343337e+00,5.340654773774414110e+00,4.754540040647863286e+00,5.973986223820885400e+00,2.787201020501161253e+00,7.825872729120852966e+00,4.016986117915562815e+00,5.291509905307156814e+00,3.949651971747230483e+00,5.532388041462381167e+00,5.164689034548007207e+00,4.237406344607989261e+00,5.961207227363392036e+00,4.724159002351157710e+00,5.435335820010083197e+00,3.970960076757043211e+00,4.857232246381498975e+00,6.891527149135184160e+00,5.851085411067209030e+00,5.195740637404131057e+00,4.439199054343283102e+00,4.955618417828087985e+00,5.085685872125461415e+00,5.337348316872824405e+00,3.811459373775413439e+00,5.556527842895444103e+00,3.798526783658426442e+00,6.519245734234950795e+00,4.116491559536200384e+00,5.184748201629254538e+00,5.893262455231097263e+00,4.635739838488629694e+00,5.228719901052937935e+00,6.323301431143130813e+00,5.452522869846345266e+00,5.243670511627431807e+00,3.203334487132616815e+00,3.954397629212856202e+00,5.935040009603090638e+00,5.458070187294461917e+00,5.609586155738153224e+00,5.523516814167976463e+00,6.177876410328453360e+00,4.626719956997956018e+00,5.008619840742380092e+00,3.859445548823995153e+00,3.610097298516703024e+00,3.244379166365021661e+00,4.002956382953231085e+00,6.440681697442721010e+00,-1.552727067816037643e+00,-3.035359855771978532e-01,-1.293145323646157863e+00,-6.009739630033610336e-01,1.696937923520195068e-01,-7.001158732050082323e-01,1.089664865016461315e+00,1.533978120849566862e+00,-2.249095728055939158e+00,-6.829923303511227228e-01,5.914212227242241632e-02,1.126117026015380551e+00,-4.542442751532623779e-01,-1.993539524581029038e-02,-1.156744225051948627e+00,-1.532795852262345493e+00,1.445384689582933646e+00,-1.824069873892936844e+00,2.328619008421565884e+00,7.251513993817415571e-01,6.799730755167558982e-01,5.754686674944301528e-01,-2.526856880009639150e-01
6.837062931026102741e-02,-1.055387017092487500e+00,1.058484543530324729e+00,2.033029435690748565e-01,-2.846830356725835176e-01,-4.381098242435947920e-01,1.397769697662355204e-01,4.079250175142853929e-01,-1.249757863582660472e-01,-2.832519570776208528e+00,1.689071624248367556e-02,-1.441482061609777432e+00,-2.094525656490756338e-01,-1.404564257069641720e+00,-1.416497635079467354e+00,1.235121821948528043e+00,-3.200919809443902864e-01,-3.966621598219177147e-01,4.825240488285914564e-01,-3.705905230724519384e-01,2.103806092127409766e+00,-2.730197607260194115e-01,4.240184226089511732e-01,1.088727352628742429e+00,1.778932257484731938e+00,-5.064340931538772184e-01,-1.234984507089411099e-01,1.627949939049158967e+00,1.222313378434276343e+00,1.546320020675984175e+00,-8.386674479262018478e-01,2.136929860183425678e+00,-1.135844263994570946e-01,8.990091056531844815e-01,6.173862605454589758e-01,-5.398068778490017205e-02,-5.291406040318922255e-01,-8.015599466178463528e-01,1.120199586694966776e+00,-4.652448989665227685e-01,-1.484839319400954594e-02,9.598243343205943301e-01,-1.402055277115144882e+00,2.074625945814696948e+00,-1.055348922710171555e+00,1.336059863689804228e+00,1.487344492242807403e+00,2.069279996456267590e+00,1.548430484510505689e+00,3.666912261359578373e+00,1.924214189720781620e+00,2.820402718021881583e+00,1.102220520533873982e+00,2.005333146219570484e+00,3.491039445684969600e+00,1.764667236592343258e+00,2.253490136103156072e+00,3.101001831671340803e+00,1.436811872968171810e+00,7.637407046655386722e-02,2.552401068124056760e+00,3.344389594395630994e+00,1.063167670771597573e+00,3.143726343566848325e+00,3.209365844254988165e+00,3.177962084260874676e-01,1.713896845760559673e+00,2.313249708061610566e+00,2.588347499183976552e+00,2.083730245277170212e+00,2.088754717088913360e+00,4.616133422479128612e+00,2.895984410064067927e+00,2.367392892399177828e+00,3.080160086262307750e+00,3.717313406861942227e+00,3.290741961137947591e+00,3.092281004224706642e+00,2.706884937008167569e+00,2.753663770836962676e+00,2.876879240445142205e+00,3.872395238367179804e+00,2.598293555780596620e+00,4.044635882278545758e+00,5.123254425061094963e+00,4.094860037873405467e+00,3.458460161769008945e+00,2.588811816257456488e+00,5.523938519849542317e+00,2.834707071965056002e+00,4.912179767665657337e+00,4.761028604410335596e+00,3.944635151477730695e+00,3.977317961287053727e+00,2.463478501652651254e+00,4.688147787132233901e+00,5.036902129341358503e+00,3.386788691423689990e+00,4.378940343868332086e+00,4.631516743832325922e+00,5.237120467398884927e+00,4.715243926198444235e+00,3.144014506739614134e+00,4.299289101864648188e+00,5.112745667342098344e+00,8.415283420397591252e-01,-6.176366093942468050e-01,2.187649874550019469e+00,-1.894473068836964647e+00,-5.637001750579010428e-01,-8.303360349277319474e-02,-2.007491635528641238e-01,-1.232142329814832626e+00,4.478617477517937706e-01,3.710940513139220354e-01,4.796144598154671035e-02,3.318438632585155590e-01,-4.237764114480307986e-01,-1.617362950108567787e+00,-7.166398700522447207e-01,1.570545814094411463e-01,1.627444148463959295e-01,4.137905258584783502e-02,5.487082679850315836e-01,-5.811460454500164685e-01,2.668105711053595647e-02,5.720927784049213427e-01,-8.488981850235335913e-02
-1.243323928406098844e+00,-9.614883696555376336e-01,8.308523242793667274e-01,1.392472162942572700e+00,1.175283107824049100e+00,2.321559497420350449e-01,-1.203132602016692809e+00,-6.351556772868733811e-03,1.562255131950421649e+00,6.184883804564754728e-01,-2.074775226838725950e-01,6.286252328412164081e-01,-1.269395206615604677e+00,-6.956713778482020993e-01,-1.084191391022324868e+00,4.695718183484327013e-01,7.141034997200925716e-01,-1.538260271983666605e-01,-8.729296767395660073e-01,-1.974909353462734468e-02,-4.865798906738074692e-01,-7.961707046937446242e-01,3.978866959351871069e-01,-6.402062012667922852e-01,-1.389670701086270332e+00,-1.108542427859424029e+00,-1.308795413686246079e+00,6.008699803318486854e-01,5.626565125577489557e-01,5.716641795156877093e-01,1.117768748113408872e+00,1.780888962376523832e+00,5.555658606023261559e-02,1.113193604749706633e+00,-8.140063692686475560e-01,2.203211895026520484e+00,-3.614360788290462700e-01,2.322070509746139155e-01,4.034716669078995954e-01,-4.661968054552791951e-01,1.151542779301435449e+00,1.391764080720296004e+00,1.047339552163205179e+00,-2.446013982603809644e-01,3.337925479248347926e+00,1.962663051524224933e+00,4.106547309298476556e+00,7.261090363881661514e-01,2.547993515077375815e+00,2.428278184920503513e+00,1.417322205054918571e+00,3.177841219837445497e+00,1.420273321790383347e+00,1.523684920605495874e+00,-1.527960541282339380e+00,2.411390415024621259e+00,7.357454602255184550e-01,1.569427186838354693e+00,1.152821754414778743e+00,1.871702864467485572e+00,2.740707644629123863e+00,2.366861988086385704e+00,3.124254726169375829e+00,3.739135981875141290e+00,2.163603520237615374e+00,2.112725225525277750e+00,3.607913131829341591e+00,3.746125777533202417e+00,3.508562367522260583e+00,1.874685703305804640e+00,3.308412586172698955e+00,3.054121135344324944e+00,4.056072483272640028e+00,2.489564463011168627e+00,1.454719272024941557e+00,3.870459374181070888e+00,6.807472011696371617e-01,2.566495191156350053e+00,2.333706094360326055e+00,2.385859945398814741e+00,2.725656155975405781e+00,4.750954207308073052e+00,4.413029067188756649e+00,3.399635976815818861e+00,4.843883141293313876e+00,2.706855524893831966e+00,2.629762304938987771e+00,4.750535360558677311e+00,4.525474941260674733e+00,3.544461320980644814e+00,2.928156839491778740e+00,5.582242618853790361e+00,2.461301203493972078e+00,3.641870829724171088e+00,4.527766303211569365e+00,6.160247594751058209e+00,4.800076009018773959e+00,4.956173460584793133e+00,3.965378118049307510e+00,5.162135054097974241e+00,4.757857160328403445e+00,3.122976309657699012e+00,5.563268714194305353e+00,5.799620261173989100e+00,5.691484930774241668e+00,3.332792566580200511e-02,-9.561768831496472165e-01,-2.309183731284865537e+00,1.570536054014506633e-01,1.081942059740849116e+00,9.955324690830807954e-01,8.160728433938478910e-01,-7.421097854939082139e-02,1.087464174031496977e+00,9.241618238559027310e-01,-4.226335607215581103e-01,6.765980166158472864e-01,-5.359591454092916818e-01,5.400242316169221457e-01,-1.299116644301067103e+00,-1.222211808672921451e+00,1.058207046943907548e+00,9.375601222047649230e-01,6.336115405758313557e-01,8.796882105283043707e-02,-2.391274431024148495e+00,-7.487593820648959231e-02,4.541831671898380884e-01
7.781091861260174269e-01,3.547784821701995828e-01,-1.097862358349223522e+00,3.953094624584837513e-01,-5.734378215422379910e-01,3.534829059486667702e-01,1.215050114017155181e-01,-9.763752712833716485e-01,-8.924558393569035353e-01,3.550224544215164202e-01,-2.211130952885017320e-01,-8.402814306571290137e-01,-9.228301897268330611e-01,-3.038308479862159017e-01,1.568104794718209849e+00,-5.260780322119588126e-01,-1.401953825758869843e-02,1.016442876895100739e-01,-1.131026391491942951e+00,-1.762832483842695197e+00,-1.026640734735730920e+00,2.470773778063031501e-01,1.462240685413499219e-01,8.201925904029466752e-01,2.734289268369385351e-01,1.260227510345593438e-01,-3.095472217954235439e-01,1.237964853618337191e+00,-5.069290643391317630e-01,-6.392554322884951290e-01,1.097092613021569463e+00,-7.442272043942478321e-01,3.062614115543979221e+00,7.867095080704319399e-01,1.113515254462114745e+00,1.608232423978295245e-02,5.681303151475645130e-01,5.155310531326974255e-01,4.593461929723503534e-01,1.693035942776759395e+00,6.693911636675924370e-01,2.195361441602995622e+00,3.899935573264578625e+00,1.000104993624146621e+00,1.506854757973260739e+00,1.792914312188084391e+00,3.283830078242034656e+00,1.448570491236269575e+00,7.610943672420366068e-01,3.826637919006357080e-01,1.649913360720046684e+00,1.318410099724339091e+00,3.835692618704163337e+00,3.654438760707069189e+00,9.090965227324454556e-01,1.291602257732805459e+00,2.135025479794811165e+00,3.517374805092628343e+00,2.236054529530857593e+00,1.590693765797700721e+00,2.237945604508963182e+00,1.727235561141581721e+00,3.017090645103051028e+00,1.764472734624804584e+00,2.021963404488483551e+00,3.753226280997487674e+00,1.881820530853259843e+00,1.262950456233110641e+00,2.862965250775518111e+00,2.466391105840558318e+00,3.397173021601048504e+00,3.262122466028126055e+00,2.971625047279614407e+00,3.001393127078921363e+00,2.385471113852022818e+00,3.263569644794041213e+00,4.120400365859508085e+00,2.324561853653203780e+00,3.351504229317086470e+00,4.454183372039173250e+00,3.980111720147200938e+00,4.843053533907156094e+00,3.024331318348049358e+00,1.820598210413457707e+00,3.910911473389951709e+00,4.131723495086690789e+00,5.196467645158820758e+00,5.075084436019070999e+00,4.482575334950489321e+00,4.770114936734401567e+00,3.871796274983270170e+00,2.903396132496633086e+00,4.299124971822700481e+00,5.222870228695509098e+00,4.955550645522220243e+00,5.191890125478977325e+00,3.989220109898802047e+00,4.210321969553070254e+00,5.018187306312038132e+00,4.047147434314621428e+00,4.136830769516314454e+00,5.009423086452708951e+00,5.531238603858105840e+00,4.629698197997728748e+00,3.724930420899440264e+00,-7.358039150428299369e-01,2.036720848930982652e-01,1.915209638659648161e-01,2.412381376553480450e-01,5.212952905957562999e-01,5.810558542450014984e-03,2.650560448403119218e-01,-4.502682282886669163e-02,1.148733482929438887e+00,1.432342031217501699e+00,-1.189011282380034507e+00,-2.552519421022533819e-01,3.272449154070757732e-02,-2.669147120143209873e-01,1.792922591330873061e+00,2.239552780897346718e-01,-8.053718270503438248e-01,5.964423395606710532e-01,2.709745388461927140e-01,3.041929195534215924e-01,1.807876158799190280e+00,3.507851757548092753e-01,-3.036615238739960865e-01
-5.325803022204045334e-01,5.283166096303764103e-01,2.075034851591359697e-01,2.043320489682305396e+00,1.619612155437311074e+00,9.330121403883497866e-01,-7.617349157278193728e-01,-5.645570032695750307e-01,-1.002046723628734259e+00,2.797573497867090753e-01,-2.740954844459701611e+00,-4.586192769429989768e-01,-3.067163993218172680e-01,-1.524290533169992079e+00,7.977363145786345866e-01,-1.139141728589882607e+00,2.677426657032612733e-01,2.783777423489051106e+00,-1.611005609955221241e+00,-1.485514050070494418e-01,-4.074601376352652848e-01,4.286151203056694392e+00,5.648370976588439341e+00,5.994448986781521604e+00,5.659758031254415123e+00,4.164780799501845543e+00,7.321967960355495464e+00,3.117876693611187022e+00,3.855490812918784371e+00,5.057849166343452829e+00,4.977513801098728763e+00,5.376163961331828389e+00,6.468253977028281199e+00,4.768268962587479898e+00,5.001849342166059920e+00,4.293603829228829660e+00,5.476448400413721274e+00,4.569641371302739508e+00,4.569062860886735855e+00,5.431603034916856920e+00,5.923040809033677689e+00,2.680013330279201966e+00,5.248898306626507804e+00,4.617916563275541009e+00,5.835736819614488091e+00,4.637997280878567885e+00,6.189172315115378353e+00,4.211706861469040497e+00,2.657789974327190219e+00,5.939712922624745595e+00,4.044574919707608629e+00,3.307867945209552296e+00,4.904173300597009622e+00,4.648941215922910430e+00,5.711224857698086410e+00,5.780530701768290314e+00,4.983740327842471451e+00,4.003303940035094044e+00,5.175061143177376977e+00,5.053314262073656415e+00,5.457056556422720917e+00,4.013313168208377135e+00,4.487747008785525793e+00,5.397497998289185084e+00,6.135446937184803495e+00,5.854041889912669383e+00,4.970174753105876420e+00,4.400724858031931142e+00,5.291940440632384224e+00,3.796729444659608710e+00,4.071118442692185369e+00,6.397891194412702376e+00,5.290154362000000887e+00,4.540593148180124494e+00,5.717258566538347964e+00,6.175094845802672872e+00,4.443482323707439008e+00,4.460711939503603674e+00,4.335474108606073074e+00,5.851970200668440647e+00,5.861677329473202747e+00,6.274023203244178504e+00,5.896722831801914921e+00,3.255901802524560296e+00,5.169084202871278677e+00,3.829734479106027045e+00,4.375205506981663994e+00,5.058714085533942750e+00,5.723685280302983180e+00,3.997276539502001569e+00,2.563400220500677840e+00,5.068650723758510779e+00,7.531691465351629589e+00,4.685273662282926743e+00,4.935035316903337410e+00,6.670283500489158079e+00,5.478394501014867579e+00,5.104980918936017353e+00,5.330236547266552272e+00,5.138363814526727857e+00,3.748365453796373092e+00,3.546674724153381586e+00,6.774947994077315627e+00,5.072003233858236371e+00,4.988215324532777828e+00,-9.022766405620970265e-02,7.810732676164526822e-01,2.538691101737486466e+00,5.239526671077937570e-01,-5.880868263145527797e-01,-1.334008578915440446e-01,1.070996467205254987e+00,-5.828006014129976098e-01,8.522464890302681173e-01,-2.320737373978130513e+00,-2.298795714463867934e-01,6.281400134806693902e-01,1.270125546575715525e+00,-8.184742170423912055e-01,-1.502765017630603550e+00,-2.607351648918189713e-01,-1.125419007746888855e+00,-1.490366667295298930e-01,-6.653454631237346734e-03,-1.319145045201944866e+00,8.044391101108651077e-01,-1.572138933644510184e-01,1.080459869005349738e+00
